-- MySQL dump 10.13  Distrib 8.0.29, for Win64 (x86_64)
--
-- Host: localhost    Database: proyecto
-- ------------------------------------------------------
-- Server version	8.0.29

/*!40101 SET @OLD_CHARACTER_SET_CLIENT=@@CHARACTER_SET_CLIENT */;
/*!40101 SET @OLD_CHARACTER_SET_RESULTS=@@CHARACTER_SET_RESULTS */;
/*!40101 SET @OLD_COLLATION_CONNECTION=@@COLLATION_CONNECTION */;
/*!50503 SET NAMES utf8mb4 */;
/*!40103 SET @OLD_TIME_ZONE=@@TIME_ZONE */;
/*!40103 SET TIME_ZONE='+00:00' */;
/*!40014 SET @OLD_UNIQUE_CHECKS=@@UNIQUE_CHECKS, UNIQUE_CHECKS=0 */;
/*!40014 SET @OLD_FOREIGN_KEY_CHECKS=@@FOREIGN_KEY_CHECKS, FOREIGN_KEY_CHECKS=0 */;
/*!40101 SET @OLD_SQL_MODE=@@SQL_MODE, SQL_MODE='NO_AUTO_VALUE_ON_ZERO' */;
/*!40111 SET @OLD_SQL_NOTES=@@SQL_NOTES, SQL_NOTES=0 */;

--
-- Table structure for table `administrador`
--

DROP TABLE IF EXISTS `administrador`;
/*!40101 SET @saved_cs_client     = @@character_set_client */;
/*!50503 SET character_set_client = utf8mb4 */;
CREATE TABLE `administrador` (
  `EmailAdministrador` varchar(30) NOT NULL,
  PRIMARY KEY (`EmailAdministrador`),
  CONSTRAINT `administrador_ibfk_1` FOREIGN KEY (`EmailAdministrador`) REFERENCES `usuario` (`Email`)
) ENGINE=InnoDB DEFAULT CHARSET=utf8mb4 COLLATE=utf8mb4_0900_ai_ci;
/*!40101 SET character_set_client = @saved_cs_client */;

--
-- Dumping data for table `administrador`
--

LOCK TABLES `administrador` WRITE;
/*!40000 ALTER TABLE `administrador` DISABLE KEYS */;
/*!40000 ALTER TABLE `administrador` ENABLE KEYS */;
UNLOCK TABLES;

--
-- Table structure for table `crea`
--

DROP TABLE IF EXISTS `crea`;
/*!40101 SET @saved_cs_client     = @@character_set_client */;
/*!50503 SET character_set_client = utf8mb4 */;
CREATE TABLE `crea` (
  `EmailAdministrador` varchar(30) NOT NULL,
  `IdEvento` int NOT NULL AUTO_INCREMENT,
  PRIMARY KEY (`EmailAdministrador`,`IdEvento`),
  KEY `IdEvento` (`IdEvento`),
  CONSTRAINT `crea_ibfk_1` FOREIGN KEY (`EmailAdministrador`) REFERENCES `usuario` (`Email`)
) ENGINE=InnoDB DEFAULT CHARSET=utf8mb4 COLLATE=utf8mb4_0900_ai_ci;
/*!40101 SET character_set_client = @saved_cs_client */;

--
-- Dumping data for table `crea`
--

LOCK TABLES `crea` WRITE;
/*!40000 ALTER TABLE `crea` DISABLE KEYS */;
/*!40000 ALTER TABLE `crea` ENABLE KEYS */;
UNLOCK TABLES;

--
-- Table structure for table `cuadro`
--

DROP TABLE IF EXISTS `cuadro`;
/*!40101 SET @saved_cs_client     = @@character_set_client */;
/*!50503 SET character_set_client = utf8mb4 */;
CREATE TABLE `cuadro` (
  `idEquipo` int NOT NULL AUTO_INCREMENT,
  `disciplina` varchar(50) DEFAULT NULL,
  `nombre` varchar(50) DEFAULT NULL,
  `idLiga` int NOT NULL,
  `nombreLiga` varchar(50) DEFAULT NULL,
  `pais` varchar(50) DEFAULT NULL,
  PRIMARY KEY (`idEquipo`),
  KEY `idLiga` (`idLiga`),
  CONSTRAINT `cuadro_ibfk_1` FOREIGN KEY (`idEquipo`) REFERENCES `equipo` (`idEquipo`),
  CONSTRAINT `cuadro_ibfk_2` FOREIGN KEY (`idLiga`) REFERENCES `liga` (`idLiga`)
) ENGINE=InnoDB AUTO_INCREMENT=100 DEFAULT CHARSET=utf8mb4 COLLATE=utf8mb4_0900_ai_ci;
/*!40101 SET character_set_client = @saved_cs_client */;

--
-- Dumping data for table `cuadro`
--

LOCK TABLES `cuadro` WRITE;
/*!40000 ALTER TABLE `cuadro` DISABLE KEYS */;
INSERT INTO `cuadro` VALUES (2,'Fútbol','Barcelona',1,'LaLiga','España'),(4,'Fútbol','Nacional',3,'Liga Uruguaya','Uruguay'),(6,'Fútbol','Peñarol',3,'Liga Uruguaya','Uruguay'),(7,'Fútbol','PSG',2,'League 1','Francia'),(9,'Basket','Lakers',4,'NBA','USA'),(10,'Fútbol','Danubio',3,'Liga Uruguaya','Uruguay'),(14,'Fútbol','Arsenal',6,'Premier League','Inglaterra'),(16,'Basket','Nacional',7,'Liga Uruguaya de Basketball','Uruguay'),(17,'Hockey','Las Leonas',8,'Hockey Uruguay','Uruguay'),(21,'Fútbol','Real Madrid',1,'LaLiga','España'),(24,'Fútbol','Bayer Munich',9,'Bundesliga','Alemania'),(26,'Fútbol','Rentistas',3,'Liga Uruguaya','Uruguay'),(27,'Fútbol','Milan',10,'Seria A','Italia'),(28,'Fútbol','Inter',10,'Seria A','Italia'),(30,'Fútbol','Liverpool',6,'Premier League','Ingleterra'),(32,'Fútbol','Manchester City',6,'Premier League','Inglaterra'),(33,'Fútbol','Atletico Madrid',1,'LaLiga','España');
/*!40000 ALTER TABLE `cuadro` ENABLE KEYS */;
UNLOCK TABLES;

--
-- Table structure for table `encuentro_equipos`
--

DROP TABLE IF EXISTS `encuentro_equipos`;
/*!40101 SET @saved_cs_client     = @@character_set_client */;
/*!50503 SET character_set_client = utf8mb4 */;
CREATE TABLE `encuentro_equipos` (
  `idEvento` int NOT NULL,
  `fecha` varchar(50) DEFAULT NULL,
  `idEquipo1_local` int NOT NULL,
  `resultado_local` varchar(50) DEFAULT NULL,
  `idEquipo2_visitante` int NOT NULL,
  `resultado_visitante` varchar(50) DEFAULT NULL,
  `deporte` varchar(50) DEFAULT NULL,
  PRIMARY KEY (`idEvento`),
  KEY `idEquipo2_visitante` (`idEquipo2_visitante`),
  KEY `idEquipo1_local` (`idEquipo1_local`),
  CONSTRAINT `encuentro_equipos_ibfk_1` FOREIGN KEY (`idEvento`) REFERENCES `evento` (`idEvento`),
  CONSTRAINT `encuentro_equipos_ibfk_2` FOREIGN KEY (`idEquipo2_visitante`) REFERENCES `equipo` (`idEquipo`),
  CONSTRAINT `encuentro_equipos_ibfk_3` FOREIGN KEY (`idEquipo1_local`) REFERENCES `equipo` (`idEquipo`)
) ENGINE=InnoDB DEFAULT CHARSET=utf8mb4 COLLATE=utf8mb4_0900_ai_ci;
/*!40101 SET character_set_client = @saved_cs_client */;

--
-- Dumping data for table `encuentro_equipos`
--

LOCK TABLES `encuentro_equipos` WRITE;
/*!40000 ALTER TABLE `encuentro_equipos` DISABLE KEYS */;
/*!40000 ALTER TABLE `encuentro_equipos` ENABLE KEYS */;
UNLOCK TABLES;

--
-- Table structure for table `encuentro_equiposactivos`
--

DROP TABLE IF EXISTS `encuentro_equiposactivos`;
/*!40101 SET @saved_cs_client     = @@character_set_client */;
/*!50503 SET character_set_client = utf8mb4 */;
CREATE TABLE `encuentro_equiposactivos` (
  `idEvento` int NOT NULL,
  `fecha` varchar(50) DEFAULT NULL,
  `idEquipo1_local` int DEFAULT NULL,
  `alineacion_local` varchar(50) DEFAULT NULL,
  `resultado_local` int DEFAULT NULL,
  `idEquipo2_visitante` int DEFAULT NULL,
  `alineacion_visitante` varchar(50) DEFAULT NULL,
  `resultado_visitante` int DEFAULT NULL,
  `deporte` varchar(50) DEFAULT NULL,
  PRIMARY KEY (`idEvento`)
) ENGINE=InnoDB DEFAULT CHARSET=utf8mb4 COLLATE=utf8mb4_0900_ai_ci;
/*!40101 SET character_set_client = @saved_cs_client */;

--
-- Dumping data for table `encuentro_equiposactivos`
--

LOCK TABLES `encuentro_equiposactivos` WRITE;
/*!40000 ALTER TABLE `encuentro_equiposactivos` DISABLE KEYS */;
INSERT INTO `encuentro_equiposactivos` VALUES (2,'12/11/2022',1,'4-4-2',0,29,'4-3-3',0,'Futbol');
/*!40000 ALTER TABLE `encuentro_equiposactivos` ENABLE KEYS */;
UNLOCK TABLES;

--
-- Table structure for table `encuentro_individual`
--

DROP TABLE IF EXISTS `encuentro_individual`;
/*!40101 SET @saved_cs_client     = @@character_set_client */;
/*!50503 SET character_set_client = utf8mb4 */;
CREATE TABLE `encuentro_individual` (
  `idEvento` int NOT NULL AUTO_INCREMENT,
  `idJugador1_local` int DEFAULT NULL,
  `resultado_jugador1` varchar(50) DEFAULT NULL,
  `idJugador2_visitante` int DEFAULT NULL,
  `resultado_jugador2` varchar(50) DEFAULT NULL,
  `fecha` varchar(50) DEFAULT NULL,
  `deporte` varchar(50) DEFAULT NULL,
  PRIMARY KEY (`idEvento`),
  KEY `idJugador1_local` (`idJugador1_local`),
  KEY `idJugador2_visitante` (`idJugador2_visitante`),
  CONSTRAINT `encuentro_individual_ibfk_1` FOREIGN KEY (`idEvento`) REFERENCES `evento` (`idEvento`),
  CONSTRAINT `encuentro_individual_ibfk_2` FOREIGN KEY (`idJugador1_local`) REFERENCES `jugador` (`idJugador`),
  CONSTRAINT `encuentro_individual_ibfk_3` FOREIGN KEY (`idJugador2_visitante`) REFERENCES `jugador` (`idJugador`)
) ENGINE=InnoDB AUTO_INCREMENT=4 DEFAULT CHARSET=utf8mb4 COLLATE=utf8mb4_0900_ai_ci;
/*!40101 SET character_set_client = @saved_cs_client */;

--
-- Dumping data for table `encuentro_individual`
--

LOCK TABLES `encuentro_individual` WRITE;
/*!40000 ALTER TABLE `encuentro_individual` DISABLE KEYS */;
/*!40000 ALTER TABLE `encuentro_individual` ENABLE KEYS */;
UNLOCK TABLES;

--
-- Table structure for table `encuentro_individualesactivos`
--

DROP TABLE IF EXISTS `encuentro_individualesactivos`;
/*!40101 SET @saved_cs_client     = @@character_set_client */;
/*!50503 SET character_set_client = utf8mb4 */;
CREATE TABLE `encuentro_individualesactivos` (
  `idEvento` int NOT NULL,
  `idJugador1_local` int DEFAULT NULL,
  `resultado_jugador1` int DEFAULT NULL,
  `idJugador2_visitante` int DEFAULT NULL,
  `resultado_jugador2` int DEFAULT NULL,
  `fecha` varchar(50) DEFAULT NULL,
  `deporte` varchar(50) DEFAULT NULL
) ENGINE=InnoDB DEFAULT CHARSET=utf8mb4 COLLATE=utf8mb4_0900_ai_ci;
/*!40101 SET character_set_client = @saved_cs_client */;

--
-- Dumping data for table `encuentro_individualesactivos`
--

LOCK TABLES `encuentro_individualesactivos` WRITE;
/*!40000 ALTER TABLE `encuentro_individualesactivos` DISABLE KEYS */;
/*!40000 ALTER TABLE `encuentro_individualesactivos` ENABLE KEYS */;
UNLOCK TABLES;

--
-- Table structure for table `equipo`
--

DROP TABLE IF EXISTS `equipo`;
/*!40101 SET @saved_cs_client     = @@character_set_client */;
/*!50503 SET character_set_client = utf8mb4 */;
CREATE TABLE `equipo` (
  `idEquipo` int NOT NULL AUTO_INCREMENT,
  `disciplina` varchar(50) DEFAULT NULL,
  `nombre` varchar(50) DEFAULT NULL,
  `tipo` varchar(50) DEFAULT NULL,
  PRIMARY KEY (`idEquipo`)
) ENGINE=InnoDB AUTO_INCREMENT=34 DEFAULT CHARSET=utf8mb4 COLLATE=utf8mb4_0900_ai_ci;
/*!40101 SET character_set_client = @saved_cs_client */;

--
-- Dumping data for table `equipo`
--

LOCK TABLES `equipo` WRITE;
/*!40000 ALTER TABLE `equipo` DISABLE KEYS */;
INSERT INTO `equipo` VALUES (1,'Futbol','Uruguay','Seleccion'),(2,'Futbol','Barcelona','Cuadro'),(4,'Futbol','Nacional','Cuadro'),(5,'HandBall','Argentina','Seleccion'),(6,'Futbol','Peñarol','Cuadro'),(7,'Futbol','PSG','Cuadro'),(8,'HandBall','Uruguay','Seleccion'),(9,'Basket','Lakers','Cuadro'),(10,'Futbol','Danubio','Cuadro'),(11,'Hockey','España','Seleccion'),(14,'Futbol','Arsenal','Cuadro'),(15,'Basket','Uruguay','Seleccion'),(16,'Basket','Nacional','Cuadro'),(17,'Hockey','Las Leonas','Cuadro'),(18,'Hockey','Brazil','Seleccion'),(19,'Voleibol','Brazil','Seleccion'),(20,'Futbol','China','Seleccion'),(21,'Futbol','Real Madrid','Cuadro'),(24,'Futbol','Bayer Munich','Cuadro'),(25,'Voleibol','China','Seleccion'),(26,'Futbol','Rentistas','Cuadro'),(27,'Futbol','Milan','Cuadro'),(28,'Futbol','Inter','Cuadro'),(29,'Futbol','Belgica','Seleccion'),(30,'Futbol','Liverpool','Cuadro'),(31,'Futbol','México','Seleccion'),(32,'Futbol','Manchester City','Cuadro'),(33,'Futbol','Atletico Madrid','Cuadro');
/*!40000 ALTER TABLE `equipo` ENABLE KEYS */;
UNLOCK TABLES;

--
-- Table structure for table `evento`
--

DROP TABLE IF EXISTS `evento`;
/*!40101 SET @saved_cs_client     = @@character_set_client */;
/*!50503 SET character_set_client = utf8mb4 */;
CREATE TABLE `evento` (
  `idEvento` int NOT NULL AUTO_INCREMENT,
  `deporte` enum('Futbol','Cricket','Basketball','Hockey','Tenis','Badminton','VoleiBol','PingPong','Rugby','Boxeo','HandBall','Beisball') DEFAULT NULL,
  `fecha` varchar(50) DEFAULT NULL,
  `tipo` varchar(50) DEFAULT NULL,
  PRIMARY KEY (`idEvento`)
) ENGINE=InnoDB AUTO_INCREMENT=4 DEFAULT CHARSET=utf8mb4 COLLATE=utf8mb4_0900_ai_ci;
/*!40101 SET character_set_client = @saved_cs_client */;

--
-- Dumping data for table `evento`
--

LOCK TABLES `evento` WRITE;
/*!40000 ALTER TABLE `evento` DISABLE KEYS */;
/*!40000 ALTER TABLE `evento` ENABLE KEYS */;
UNLOCK TABLES;

--
-- Table structure for table `jugador`
--

DROP TABLE IF EXISTS `jugador`;
/*!40101 SET @saved_cs_client     = @@character_set_client */;
/*!50503 SET character_set_client = utf8mb4 */;
CREATE TABLE `jugador` (
  `idJugador` int NOT NULL AUTO_INCREMENT,
  `nombre` varchar(50) DEFAULT NULL,
  `apellido` varchar(50) DEFAULT NULL,
  `edad` varchar(50) DEFAULT NULL,
  `fechaNac` varchar(50) DEFAULT NULL,
  `rol` enum('Futbol','Cricket','Basketball','Hockey','Tenis','Badminton','VoleiBol','PingPong','Rugby','Boxeo','HandBall','Beisball') DEFAULT NULL,
  `altura` varchar(50) DEFAULT NULL,
  `peso` varchar(50) DEFAULT NULL,
  `pais_origen` varchar(50) DEFAULT NULL,
  `cuadro` int DEFAULT NULL,
  `seleccion` int DEFAULT NULL,
  PRIMARY KEY (`idJugador`),
  KEY `cuadro` (`cuadro`),
  KEY `seleccion` (`seleccion`),
  CONSTRAINT `jugador_ibfk_1` FOREIGN KEY (`cuadro`) REFERENCES `cuadro` (`idEquipo`),
  CONSTRAINT `jugador_ibfk_2` FOREIGN KEY (`seleccion`) REFERENCES `seleccion` (`idSeleccion`)
) ENGINE=InnoDB AUTO_INCREMENT=32 DEFAULT CHARSET=utf8mb4 COLLATE=utf8mb4_0900_ai_ci;
/*!40101 SET character_set_client = @saved_cs_client */;

--
-- Dumping data for table `jugador`
--

LOCK TABLES `jugador` WRITE;
/*!40000 ALTER TABLE `jugador` DISABLE KEYS */;
INSERT INTO `jugador` VALUES (1,'Valentina','Larrosa','19','21/10/2003','Boxeo','153','53','Uruguay',NULL,NULL),(2,'Rafael','Nadal','34','16/7/1965','Tenis','186','78','España',NULL,NULL),(3,'Agustin','Neves','19','15/7/2000','Tenis','187','86','Uruguay',NULL,NULL),(4,'Julian','Alvarez','19','15/7/2000','PingPong','187','86','Uruguay',NULL,NULL),(5,'Facundo','Garcia','19','15/7/2000','PingPong','187','86','Uruguay',NULL,NULL),(6,'Agustin','Neves','19','20/3/2003','Boxeo','185','175','Uruguay',NULL,NULL),(7,'asd','asd','12','10/2/2000','Boxeo','21','21','asd',NULL,NULL),(8,'Julian','Alvarez','28','6/11/2005','PingPong','172','75','Argentina',NULL,NULL),(9,'Antonio','Griezzman','37','1/3/1990','Futbol','176','76','Francia',33,1),(10,'Vinicius','Jr','24','8/11/2005','Futbol','180','76','Uruguay',21,29);
/*!40000 ALTER TABLE `jugador` ENABLE KEYS */;
UNLOCK TABLES;

--
-- Table structure for table `liga`
--

DROP TABLE IF EXISTS `liga`;
/*!40101 SET @saved_cs_client     = @@character_set_client */;
/*!50503 SET character_set_client = utf8mb4 */;
CREATE TABLE `liga` (
  `idLiga` int NOT NULL AUTO_INCREMENT,
  `nombre` varchar(50) DEFAULT NULL,
  `deporte` varchar(50) DEFAULT NULL,
  `pais` varchar(50) DEFAULT NULL,
  PRIMARY KEY (`idLiga`)
) ENGINE=InnoDB AUTO_INCREMENT=12 DEFAULT CHARSET=utf8mb4 COLLATE=utf8mb4_0900_ai_ci;
/*!40101 SET character_set_client = @saved_cs_client */;

--
-- Dumping data for table `liga`
--

LOCK TABLES `liga` WRITE;
/*!40000 ALTER TABLE `liga` DISABLE KEYS */;
INSERT INTO `liga` VALUES (1,'LaLiga','Fútbol','España'),(2,'League 1','Fútbol','Francia'),(3,'Liga Uruguaya','Fútbol','Uruguay'),(4,'NBA','Basket','USA'),(5,'WBC','Boxeo','USA'),(6,'Premier League','Fútbol','Inglaterra'),(7,'Liga Uruguaya de Basketball','Basket','Uruguay'),(8,'Hockey Uruguay','Hockey','Uruguay'),(9,'Bundesliga','Fútbol','Alemania'),(10,'Seria A','Fútbol','Italia'),(11,'Eredivise','Fútbol','Holanda');
/*!40000 ALTER TABLE `liga` ENABLE KEYS */;
UNLOCK TABLES;

--
-- Table structure for table `nosuscripto`
--

DROP TABLE IF EXISTS `nosuscripto`;
/*!40101 SET @saved_cs_client     = @@character_set_client */;
/*!50503 SET character_set_client = utf8mb4 */;
CREATE TABLE `nosuscripto` (
  `EmailNoSuscripto` varchar(30) NOT NULL,
  PRIMARY KEY (`EmailNoSuscripto`),
  CONSTRAINT `nosuscripto_ibfk_1` FOREIGN KEY (`EmailNoSuscripto`) REFERENCES `usuario` (`Email`)
) ENGINE=InnoDB DEFAULT CHARSET=utf8mb4 COLLATE=utf8mb4_0900_ai_ci;
/*!40101 SET character_set_client = @saved_cs_client */;

--
-- Dumping data for table `nosuscripto`
--

LOCK TABLES `nosuscripto` WRITE;
/*!40000 ALTER TABLE `nosuscripto` DISABLE KEYS */;
/*!40000 ALTER TABLE `nosuscripto` ENABLE KEYS */;
UNLOCK TABLES;

--
-- Table structure for table `partido`
--

DROP TABLE IF EXISTS `partido`;
/*!40101 SET @saved_cs_client     = @@character_set_client */;
/*!50503 SET character_set_client = utf8mb4 */;
CREATE TABLE `partido` (
  `IdPartido` int NOT NULL AUTO_INCREMENT,
  `Fecha` datetime DEFAULT NULL,
  PRIMARY KEY (`IdPartido`)
) ENGINE=InnoDB DEFAULT CHARSET=utf8mb4 COLLATE=utf8mb4_0900_ai_ci;
/*!40101 SET character_set_client = @saved_cs_client */;

--
-- Dumping data for table `partido`
--

LOCK TABLES `partido` WRITE;
/*!40000 ALTER TABLE `partido` DISABLE KEYS */;
/*!40000 ALTER TABLE `partido` ENABLE KEYS */;
UNLOCK TABLES;

--
-- Table structure for table `publicidad`
--

DROP TABLE IF EXISTS `publicidad`;
/*!40101 SET @saved_cs_client     = @@character_set_client */;
/*!50503 SET character_set_client = utf8mb4 */;
CREATE TABLE `publicidad` (
  `idpublicidad` int NOT NULL,
  `nombrePublicidad` varchar(20) DEFAULT NULL,
  `imagen` blob,
  PRIMARY KEY (`idpublicidad`)
) ENGINE=InnoDB DEFAULT CHARSET=utf8mb4 COLLATE=utf8mb4_0900_ai_ci;
/*!40101 SET character_set_client = @saved_cs_client */;

--
-- Dumping data for table `publicidad`
--

LOCK TABLES `publicidad` WRITE;
/*!40000 ALTER TABLE `publicidad` DISABLE KEYS */;
INSERT INTO `publicidad` VALUES (1,'empresa',_binary 'PNG\r\n\Z\n\0\0\0\rIHDR\0\0\\0\0\0\0\0Y\\0\0\0sRGB\0\\\0\0\0gAMA\0\0a\0\0\pIDATx^\\	]E\\\8>33\8\3\(n\"\\\ l\\" o!\\twzM/\=\,;l\|˺pVwN$\\\{\"\\s\9\U\g\0\0\0\0\0@06\0\0\0\0\0\0\0\0\0\r\0\0\0\0@l\0\0\0\0\0\" `\0\0\0\0\0\0\0\0\\0\0\0\0\0D@\0\0\0\0 6\0\0\0\0\0\0\0\0\0\r\0\0\0\0@l\0\0\0\0\0\" `\0\0\0\0\0\0\0\0r\\\n\\\\Zmڴ\TUUV~YdkYty\W\\+\Z\\\\Z.\\o͚5ѵ\ۼyYbkYhS2\\K/V~uuuf\_kk\\\tz{{MCCk\700`***\\+L}|re\\ʯެ[ε\kooJ\E\)ԋ/hQ\\Cz/\{Z\\P\jÆ\rֵ\{\Ͳe\\\+L}c١\9$\\իͪU\\+?[]+?\uΏA}\EB\umܸѵ\\v\\5\{ӟ\\ŋ]+>܆\Zi(~SYY\ZaFk\tttV~k׮5+Wtԯ*//w0\OS(\/\Pz\}4\\[}Ci\xc\\ :)\8I\3:t\AR\?Fu\b\I)Ɨ\":\JnuHԹ	Q\\g\nF1:6\@\\n\1KNM\(\\C1:6zO\J\'[}\ctjuұ(XL\jC\\#\\\\\\[c|s}/ꃨ/J}Q\\b\ߋ\74;FZ\a4\\b\ti}\ߋ\w\s\q\0\0\0\0\0\" `\0\0\0\0\0\0\0\0\\0\0\0\0\0D@\0\0\0\0 6\0\0\0\0\0\0\0\0\0\r\0\0\0\0@l\0\0\0\0\0\" `\0\0\0\0\0\0\0\0\\0\0\0\0\0D@\0\0\0\0 6\0\0\0\0\0\0\0\0\0\r\0\0\0\0@\\\\\ի]+\\\\Z\O2\\\f\ʕ\\W_uZ[[Mk\\\\m֭[\ZmذtuuV~[l1Vr0uuu\Oa\Z\Z\Z\+\Z͛7V~k֬1k׮uLggk\\\/\\f\\nk555^zɵ\\\\07ntz{{MOOk\i\&\\\\Z\˦ѵ\\\gz\J\iC\3\Z(}\\\cE1\\g:V\J\CB\\\sZ([u\rs\1H(\\7\n>jFs\\Fb\A\EC\<\u(\\~3ԯR*{C\Z/W\qr\)\\w\\<\W\'octH\ձu0eee\Oa*++pu\\\A FD\\'7u]+L}VUU%\\0C\#k۬Xµ\\\gz\kzO\\P}\cct,!\>ӱ:\\nF1:\n1\P\&F\R\9?\Ab|9>Qh1R/F0(=}I\zBzq0i:/\k:O\\PW:\'\\:G\3T)\\0\0\0\0\0D@\0\0\0\0 6\0\0\0\0\0\0\0\0\0\r\0\0\0\0@l\0\0\0\0\0\" `\0\0\0\0\0\0\0\0\\0\0\0\0\0D@\0\0\0\0 6\0\0\0\0\0\0\0\0\0\r\0\0\0\0@l\0\0\0\0\0\" `\0\0\0\0\0\0\0\0r\~\\\\Z\\Kf\ڵߟ\\'\\\\Za\8zP\֭/\ƍ\\͛]+a\\\\\_6f\\\\Oa֬Yc^}\U\\O\\_tb\-[D\g\ʈ\g===\yZ~\N6m\d+S(mmb\3b\3u<\nϘ>k\\g?A:\s\*\>S\!\>\}}\ѴC\\g\@o\t\\;l\h\\\3\>\;::L]]k\ҥK]+?}\f͚\ZafϞCRVV\òr\J\\\\Zuuu\Z\\O\'ŋV3f?;wneyyy@cciiiqԉrt\^pk\\ϟ\^YY%\477\\nS(Db\-Z\\t>c\g^P\n:\k-Y$Jչӵ\ӹ޵\ӹU\\P\\\ 1:˖-\\\]+?\\jkk]+?\=}1s\L\\n3gΜ(\˗GV~\\UWWV~\n!:\\\6o޼((_455UVV~\\Xµ\\b,p0\O/}b\\\B\\\`\"\0\0\0\0@l\0\0\0\0\0\" `\0\0\0\0\0\0\0\0\\0\0\0\0\0D@\0\0\0\0 6\0\0\0\0\0\0\0\0\0\r\0\0\0\0@l\0\0\0\0\0\" `\0\0\0\0\0\0\0\0\\0\0\0\0\0D@\0\0\0\0 6\0\0\0\0\0\0\0\0\0 W~\W\\/\Z\O2/\kٲeS_|\)^׫\Zi;k{\Z\L\+\H\gz.\Y\\h\g\_\Y\\h\gzO\\g1>y\u\\g1>#mI}\qb\F\>\0\>74=Xl\\|b\b\3\X,\\}u\k\\n\MMMf\宕\ڵkͬY\\+?\1cƸVc\F90͙3\\\\V~\kii1˖-s6l\`O\Za{\9\0&Lr 7oYzk\WUUe\\\]+\\vx\b\\o\ƍfʔ)&\>4iټyk\p\B\\\\Z\\֚\Z\\O\e_\F1\\gSN\PzOV~Xµ\\\P:?޵\\\g:V_޵\ӹcժU_cc=ҹu\\ٮ\\:\Ǡ>HND\*//}P\\̵ͦ\[n9sk姎\\?\Zaƍ%\̝;׬YƵ򫬬4+WtZ[[\ҥK]+>3m\4\\n\6q\D300\Z͟?\tuuV~\\զε\SoѢEߦM\\ɓ]+L}\\Jۧõ\SO-\?z\r)\\0\0\0\0\0D@\0\0\0\0 6\0\0\0\0\0\0\0\0\0\r\0\0\0\0@l\0\0\0\0\0\" `\0\0\0\0\0\0\0\0\\0\0\0\0\0D@\0\0\0\0 6\0\0\0\0\0\0\0\0\0\r\0\0\0\0@l\0\0\0\0\0\" `\0\0\0\0\0\0\0\0\\0\0\0\0\0D+`744%KV~fʔ)\+b|\I\\n\\3Ϙ^zɵ\>}\\\v\\\L]]k\\\\d.\\\Z[\L8ѵ\<\\Oay300\Z͜9\tvvV~\\妺ڵ\kii1\\\w\\\]+L}\\/M6V~s\\1\\\ߊ+l\s\s\ny\fb\\\{)\\zoP]]]\j˖-\\s0\٤I\1;ԢE\9$T}}Ylk\f\\Z3m\4\\\\_6O?kyꩧl_$\ԩSMOOk\t\Rr\J\ʯ\,^ص\[v<yk\\ꫯ\'xµ\<\\\_tf̘aV^\Z-_\\\ֺV~\\\f\\\̈́	\\+Lcژ1cLk\7k\,\\\\ZUTT*\ʯ\̛7ϵ\۸q7nk\ƎkWs皶6\\Oҵ\\g\\ٮ\\0\0\0\0 6\0\0\0\0\0\0\0\0\0\r\0\0\0\0@l\0\0\0\0\0\" `\0\0\0\0\0\0\0\0\\0\0\0\0\0D@\0\0\0\0 6\0\0\0\0\0\0\0\0\0\r\0\0\0\0@l\0\0\0\0\0\" `\0\0\0\0\0\0\0\0\\0\0\0\0\0D@\0\0\0\0 \\\TUUV~\ׯ7,p^}\U3y\d\\n3u\T\\\/V~-2k׮ujjj̪U\\+\\vSYY\Z\\\y\\V\'?>}y\\]+%K\ʯ\455V~f\宕ߦM\\ٳ]+L}6s\L\\\\ZիWV~\r\r\rf\ʕ_wwYlk\700`Q\ٜ9s\{)Tyy}o\gLP\\J\ b\t\1;\:ҹL\P:.\\е\ӹ~ʔ)F}W^yŵ\Shݺu_uuiiiq\\\̊+\\+\r6\\V~ӟ̤I\\+̴i\\K/\Z-^\\\\V~ٵ\\\\0\ƍ\ܹs]+Lcڌ3̖-[\\+K5kָV~\\\ѵ\\\\\\ۼy\\\͚5+ZO\){\o\\h0:16NF\0ǠN:RG4FPWG;\}u#m\įe(}-\W(m$\/\P쳭iL_\cQ\\1B\1Ču\Z,\yh\3[7\#q\:\\\:C\\y)\\0\0\0\0\0D@\0\0\0\0 6\0\0\0\0\0\0\0\0\0\r\0\0\0\0@l\0\0\0\0\0\" `\0\0\0\0\0\0\0\0\\0\0\0\0\0ӟD\0\0\0\0 \5\0\0\0\0\0pM\0\0\0\0 t&`\0\0\0\0Cq&`\0\0\0\00Lp\"`\0\0\0\0/X\r\0\0\0\0@P\\{\\զɵ\۸qYbk\\ꫯEVŋW^yŵ򫪪2}}}ߪULggk\f\\Z\\\\Zm޼\TTTV?Yty饗\\+\Z~z\ʯ\tttV~޵\0˗/w0\YYYٲek\WWWg֮]\Z\\n\\\\_4˖-s0\Yyy\\\wV\\izzz\\+?}\\Yϼ>tұ(XL\jC566\\n\ʯ\477V~:\J\z\cPD}P\oJ}4\\Bikڴit\q]pkYdy\]+\\ja\\\o\\t\q?X\4u~U[[k֭[\Z\\v\ʏ\\ih;\\~\{\;CurlcHmppC\\\h6z^W7v`[Nl1N\0I\nF1QgDP:h\8٪ce(uc\0$\>\\ѱQ\/F\SȊ\办K m#\K}@\,c>}\bt\Dt\n=i\\g:V\\\ܡsH(\b|!\s}G}P\\\{\Ʊ>{#\}iX}\\S\a\\b\\\\;>vq1E\0\0\0\0A\`E\0\0\0\0\*6\0\0\0\0\0E|zkE\0\0\0\0 \\0\0\0\0\0\\0\0\0\0\0\\0\0\0\0/4\\0\0\0\0\\\-6\0\0\0\0\\p\r\0\0\0\0(i\\0\0\0\0\\y\r\0\0\0\0(Y\\0\0\0\0\\!E\0\0\0\0_@-6\0\0\0\0\rH\l\0\0\0\0@i\\R\׭[g\\+~j\*\\O/ֵ\\\\\\r\l޼ٵ\[zYvk\~z\\\\Zmٲ\455V\Z\0+W4/k\\\\j6m\\Zuww\\^\ʯϴV~/illt0\YCCy饗\\+6q\F\ʯǬYƵ\\s\s\nmmC}\\K:::̆\r\\+?}\\Yϼ>^y\S__\Zab\\\f{\s\!t.\9-T\\:\Ǡ>\"\\BZX}~ϫ>FZO\WgC\\\:\\7{\>\N\B(\Sz.z_!\\\\\\\\DꀤK(\n\\nSYY倫7T1::h\\D\$CR^^\*\W\"ƇWulbt\"u\!Ϫ5u\b5ulb|i\Q\\C1:1:\\\K_@\cQ\\1\1:\\\\D\\\ZN\1\>Q\\\a/b\\VX\G/zc\\t|\q6\H\\\k\ FO_\Z\\\_+\\gz>1{\>1\M\\\\x>v:\\\"\0\0\0\0(\R\ \r\0\0\0\0(\\0\0\0\0\\y\Ul\0\0\0\0\\y\Ul\0\0\0\0\\y\E\0\0\0\0j|:]l\0\0\0\0\\y\\E\0\0\0\0Z|\\0\0\0\0Q\\/P\0\0\0\00*r\i_\0\0\0\0/,|Az\"`\0\0\0\0F%_`NB\PE\0\0\0\0:<\\\\W^!`\0\0\0\0F_`n	\\0\0\0\0Q\[ =X\0\0\0\0/0|!z*\\{\\\fÆ\r\K/dzzz\\+?m.\\nz\jxz{{͋/\Z\\\\\߬_޵\{嗣\3\\\t\n}7vkך-[V~\g6mr̺u\\\+?\5kָVX\Bi\\g7nJ\E\P\6\F1\\gz\JL\\P\*\>\1HǢb\3u\rs\!b\tn\96T̾\'V\!\>\v\wI=\ߋ\w\ߋ\w\\}\\Sa$\\Fb\!fo}K3\\|\\9\1\\kLW\\\a\\\]+?2\\O/lΜ9f\ܹQ\\\\Qp\r\r\rݵ\\	ֵ\Ӂd\ҥf֬Y\Oa\ϟ\\VYY\\\dZ[[]+?]+?/^\Zab\F	YUUUQ:mVJ\eŊN\F1\\gz\\\\\D\\0\3\Z(}\+**\\+?b\t\\Q]]]Ps\itn]|k\s\1H(\bڕ+WھZ(uc\\-[\Z\;{\l\\n3o޼(_\Z#5666\\O_\\\\xd\\\n똶`h_\577\\O_d\\\_h\\"\\nk\\\\\r\ⰬR_O}\\W!<J\E}B;UL\0\0\0\0\Z\<J\\0\0\0\00jB\p\}U	\\0\0\0\0Q\[0\+6\0\0\0\0`\\\\/H\Ul\0\0\0\0N\[0\+_V\0\0\0\0;=_`N\`\\*6\0\0\0\0`\\\)_\/Xt?6\0\0\0\0`\\\)_\/\\\\0\0\0\0QS0\+_V\0\0\0\0;=_`N|ZpM\0\0\0\0\\|y8\\\\օ\"`\0\0\0\0F_h\Z0\+_V\5\0\0\0\0\\\\Ӿ\k\0\0\0\00*Bs\\\\Ul\0\0\0\0\\Y\}\֪t&`\0\0\0\0vj\|a\Wp\_z\%\\OOt˖-f``)G:^^_(mgm\P\#m\\\?\^|\\\\Biی\}\p@s\:\\gz}\6\Yc\H\gi\Yǉ\b\F\>\0X\Ѿ\b\F\>\\\\{V\gz\\{\s(\/m#Y\\\Myyk\v\Z3{\l\\O/x\رf\vÄ;w\\\q*++Mcck\\\\j\\\\\+\r63gV1cƸ?8qbLwwk\W]]mV\\\Z%KV~6m2ӦMs0\ٔ)S-Zd:;;]+:S[[\Zuuu\\J\F\(Xl\\f\ƍ\ҥK\{;>c\g~N:\k\Xcv(;ZZZ\\+&{N\\\kϱt7nkQdk,\̙cF***l_-ԪU\\\\]+u\֙YfV~\\\f	Q<7oYfk\b\\n\\\\Ze˖V~}}}fƌ&\1mҤIQ\\\ի]+\ZS__\ZuttŋV~\\M:յ\\\gz>7ov}R}\8HUz.\G\r\\0\0\0\0\0šy8\\ŕ\\\"`\0\0\0\0F_p\R0]\\`](6\0\0\0\0`T\\,\\\\օ\"`\0\0\0\0F\r_p\Z@]\\`\k\0\0\0\0S\\,\Ӿ\k/\\\\0\0\0\0/<g)_\/\\|\Zw\' `\0\0\0\0vJ\|a\Wp\"`\0\0\0\0F_x\R0]\\`](6\0\0\0\0`T\筕/L\Up\"`\0\0\0\0vJ\|a\Wp\k\0\0\0\0S\\,\Ӿ\k/\\\\0\0\0\0/<g)_.._VJ \r\0\0\0\0\)\s\\\\k/\\\\0\0\0\0/8g-_.._Vµ\r\0\0\0\0\)s\\\\\k/\\\\0\0\0\0/8g-_N/XjpM\0\0\0\0\t|9Kuq\U,Yĵ\\\\5SLq\b|\I\\n\\3\\\rj\馻۵\+++3uuu_SSYpk\n\:3q\D\\n\㏻?y\\k\7s\L\\\\Z\\j\ʯ\̟?ߵ\\\\3\Ǐw0\\/`6m\\Z͙3ǴV~+VJ\E\)\\͛\6!\>\{H\PzO\\~\Buuu\\~-[\{ε\\\g&M\\P-\P\\\fٲeߚ5k̴i\\\+?u~i\\n\\SOپHS\\o\ҥf\ʕ_ccYxk\v\Z3y\d\\O\\'xµ\<\\\_tf̘aV^\Z-_\\\ֺV~\\\f\\\̈́	\\+Lcژ1cLk\7k\,\\\\ZUTT*\ʯ\̛7ϵ\۸q7nk\ƎkWs皶6\z/<U\\ii_Cut\\>\g?j\0\0\0\0`G\\,\\\\תtN\0\0\0\0\\\,\\\\תk6\0\0\0\0`\\Y\\Ul\0\0\0\0\\Y\\Ul\0\0\0\0\\[+_\/\\\\0\0\0\0Q\V0\+_V\0\0\0\0/@o|a\Wp\Z\\\\0\0\0\0/@o|a\WYõ\r\0\0\0\0ة\\\}E\0\0\0\0_\Z´\\0\0\0\0\\[+_\\0\0\0\0P2|zk\Ӿ\\Z\ \r\0\0\0\0\)\\\}E\0\0\0\0_x\R0\+6\0\0\0\0$\s\\\\k\0\0\0\00\\s\\\\\ZUl\0\0\0\0N\/P\	\---fŊߺu\̼y\\\+?m\'Vɓ\'ۍj׵򫮮6\\ͮ_[[)//w̜9s\\+\\\ݟ\L:\lٲŵ\[xYfk\W[[k\Z]+\\NSVV\Zmڴ\̚5˵\\\g3f\0\ҥK\\ի]++Wz\\O\E\)\>}k\\\{)\\\\MGGk\Ϙ>k\_hk\E1\\g:Voذ򫨨\P:UUUV~k׮\\P:\O4ɵ¨X\\۾Q(\\VZ\Z\\J\\o\Q{\O0\L2\vC-\\0J\455V~\\\Q{7n4g\v0iӦM\\[d\\\v\\\LCCk\\\\e-[\Zm޼\̜9ӵ\\\gz>z^}ҊsR_O}\@]\\\\Z\\\賯?G\\\\0ғ\E/PB\u\\ҁD;*T}7]N}JXL\%FL\G\+T}\\>\:t<\n5\\A:\k\<4\Z\YC\}\qb\b\3{[Go\\\\r\\\\\-}6\XzNC>\ť\_(=\\\\`8\0\0\0\0`\\Y\kk;]\ \r\0\0\0\0ة\s\\\\"`\0\0\0\0J/<g)_..6\0\0\0\0d\s\\\\"`\0\0\0\0J/<g)_..6\0\0\0\0d\s\\\\"`\0\0\0\0J/<g)_..6\0\0\0\0d\s\\\\"`\0\0\0\0J/<g)_..6\0\0\0\0d\s\\t\r\'\\\\0\0\0\0/<g)_N\0\0\0\0P2|9kBu\\0\0\0\0\\Y\\E\0\0\0\0_p\ZP.6\0\0\0\0ds\\\t\0\0\0\0%\/Tk쮮.\\\\Zmܸ\TTTV~\,p0.2Ԋ+̆\r\\+&\\\\Zuww+WV~7o6˗/w0\\\s\nx\bU]]m֭[\ZZʴV~===ε\\\\7˖-s0\\ҥK͖-[\\+\\Z\\\\Z\\nv\ZSSS\Zi\h\k\\R(׬Y\Z\3\Z\\כ*\\O\ b\\\\ͦM\\+?;t	s\itntt\9?\A\	\\\\\ZZիW\\/VO\\\VE\\q(\\t	\\\l:::\\+?_\\\]+\\[d\r/b\\ZZZL[[k\~3F\\O\G\+Tq84g-\\\YK\\J\Bj}\t֟lՑ\'w(mopQM7:#1\0:1\>D\\qҖFtBқ?>,1:\\\ \\c\\\K\Z\\B\KO\_\\9\9FGKb\3b\3\\\XN>\1\1XXL\jC\|#\\\Ssk\\\\R(F\wiX\\i}{[}6#\P\\ӱ Oi\XӾ*\t\5K\W}>\\BVl\0\0\0\0\07_x\ZP,;]l\0\0\0\0N\/T\r\0\0\0\0(\|:]l\0\0\0\0@\\\\\\\ \r\0\0\0\0\is\\\t\0\0\0\0%\/T\r\0\0\0\0(\|:]l\0\0\0\0@\\\\\\\"`\0\0\0\0J/8g-_N\0\0\0\0P2|9kBu\\0\0\0\0\\Y\\E\0\0\0\0_p\ZP.6\0\0\0\0ds\\\t\0\0\0\0%\/Tk8	\\0\0\0\0/8g-_N\0\0\0\0P2|9kBuvX^v\\\tMSSk姍U]]\Zajjj\\\r\\\l6o\\Zuuu\\^\\o\ݵ\0\)L]]}Zjٸqk\z\j\\\\ZmذV~\\ҵ\\\g\\\\`\\\\V~k֬1\\ݮS(mmb\3l\\Z\=\v(}\\Yi\&\cPmmk\t\1;TGGYnk\s\itn\96\\:\Ǡ>HD\RM}P\\\\b\b\\\yU\9:\Zi=\\Z\Z\\+\H\ﵴD\\ߠC(c\FbO\G\+Tq/S\g´õciQ\01>:\\\jXµ\\\r\rJ=\W\'\aMoaMX\\\J\0\ \8\\〫nN1:I\C}MMnm+\\g\n1\\zo\g,FX\g>FX\1(VX\tu\u.\c5ubu\"\\\\\\弶s>Z{\n\1{Rd\\b\t\\E\H\\\r^_Ϋ\Jn\\\|blmt/S\guqu\nP:6\5`\0\0\0\0\s\\\te	؅\"`\0\0\0\0vj\|:]l\0\0\0\0@\\\\\\\"`\0\0\0\0J/8g-_N\0\0\0\0P2|9kBu\\0\0\0\0\\Y\\E\0\0\0\0_p\ZP.6\0\0\0\0ds\\\t\0\0\0\0%\/T\r\0\0\0\0(\|:]l\0\0\0\0@\\\\\\\"`\0\0\0\0J/8g-_N\0\0\0\0P2|9kBu\\0\0\0\0\\Y\\E\0\0\0\0_p\ZP.6\0\0\0\0ds\\\t\i\&~z\\OO`͚56VGGk\\\7^^_(mgm\P7o6\֭s\\\\v0\\\\Oab\e\\\oÆ\rf\ƍ_Yvk\\ի]+L}\\\eXz{{\k\\\\g+S(mmb\3\^\n\\ۡ\\g->\\\1HǢb\3u\s\!Fs\A\E\a\FZo\Fbo$\\\\r-f\!\\nayϙ\VP.ti\\sR(+`\\\\\Z\Y^^\Zic̛7ϵ\̟?\n\PQ:QN&z\\׻V~:aV9s\?Yp}cZbEDssikks\Ѫut\^tk\/^CR]]%ж\\n\\J\F\(XL\X\\\H1}\B\3\~(t,!\>ӱ:F\ҹ#FM\2\B\ܪsl(\uΏA}\EBO\\>\\b|\@r\J\\O\\˗V~\ ϝ;׵\,X Jǿ2\GMMMQBBq]]k\/W-[\Zab\-Z\(vժUյ\ӗ4555\%K\\+L}\\\m\\\9k\Z:PW:X8`\s\uԀ\r\0\0\0\0\\\Y\ӕ%`\r\0\0\0\0ةs\\\t\0\0\0\0%\/T\r\0\0\0\0(\|:]l\0\0\0\0@\\\\\\\"`\0\0\0\0J/8g-_N\0\0\0\0P2|9kBu\\0\0\0\0\\Y\\E\0\0\0\0_p\ZP.6\0\0\0\0ds\\\t\0\0\0\0%\/T\r\0\0\0\0(\|:]l\0\0\0\0@\\\\\\\"`\0\0\0\0J/8g-_N\0\0\0\0P2|9kBu\\0\0\0\0\\Y\ӵ\P8^\kټyS=6~(.\P\\\i϶l\\Zi\\\VM6?a\rm$\3=L\\'\>+C\\\g\6i1\\K}\\U8\>qbm\h\gG+\>\v\\;l}c\rm4\3=<\\Sz\qv\{\ӥ\ٸq\\P\ULeek\n\:3w\\\\\Oc\f\ĉo؁y͟?\\\\V~UUUɵ\kmm5˗/w6l\`f͚\ZaƎ\f\\\QL.4\\ݮ_MMihhp:::̲e\\\+?$g̘\Zab\iӦE9	,Y\tuuV~\\\ε\\sYxk\m3u\T\\nk\=I(\\\]+?}\\Yf\\Z\E1\\gg϶\\P\\\\J\+VV~:Λ7ϵ\ӹ~	F}u\BOv\Z\\O}4\\B\n\\o\fΜ9:\\ƍs0&M,X`zzz\\+\\j\\\\Z2\ʯ\̜9ӵ\\:M2%ʗk-\߫5+Wt:;;\ҥK]+?}1}t\\nk\\R\G۩88g-\\\w(\\*תtV5`\0\0\0\0\s\\\te	؅\"`\0\0\0\0vj\|:]l\0\0\0\0@\\\\\\\"`\0\0\0\0J/8g-_N\0\0\0\0P2|9kBu\\0\0\0\0\\Y\\E\0\0\0\0_p\ZP.6\0\0\0\0ds\\\t\0\0\0\0%\/T\r\0\0\0\0(\|:]l\0\0\0\0@\\\\\\\"`\0\0\0\\\c6\\/T\r\0\0\0l+\y\OP7\\0ۛ/8g-_N\0\0\0\VV\1`ls\f\a|9kBu\\0\0\0\0\\Y\\E\0\0\0\0_p\ZP.6\0\0\0\0ds\\\t\\\\`,Y\Z\\\)SV~z\O>ky\g\F\n5}t\\\\Z:\ʯ\,\\е\[n8qky\\ݟ\<\f``\9s\\\t\\\Muuk\\\\b\ϟ\Z\\\\\ǻVX\^06_6g\\\\\ZX\V(==P7o\(XL\!B\=\v\ZY\\\e?l\b{\9\\nkM4\C-ZȞCB\\כe˖V~k֬1ӦMs\9z\]+\SO=e\"Njzzz\\+K+WV~f\\Ů\ڵk\\ɓ]+?u~x\	\\n\\\ڎp3fիWV~˗/7_ssY`k\~z3a\\\n\6f\\\\\Z͚5\tttV~ʵ\kmm5\\\s6n\hƍ\Zab\c\\\j\ܹ\\}9KCqNW:X8Xk\5`\0\0\0\0\s\\\te	؅\"`\0\0\0\0vj\|:]l\0\0\0\0@\\\\\\\"`\0\0\0\0J/8g-_N\0\0\0\0P2|9kBu\\0\0\0\0\\Y\\E\0\0\0\0_p\ZP.6\0\0\0\0ds\\\t\0\0\0\0%\/T\r\0\0\0\0(\|:]l\0\0\0\0@\\\\\\\"`\0\0\0\0J/8g-_N\0\0\0\0P2|9kBu\\0\0\0\0\\Y\\E\0\0\0\0_p\ZP.6\0\0\0\0ds\\\t\0\0\0\0%\/Tk\UV\\J\\oݺuf\ܹ6\\\]+\ĉ\5|\\\\ZUUU&\ʯ\,_ܵ\۰a5kk;vSɓ\'-[V~.4\\ݮ_MMihhp:::̲e\\\+M63fVXlڴiߵ\[d\\\r\\\M]]k\\x\b\\O\f\ԩ&\>\{h\ƍ\\zo\gLPk֬P:\XC}6{\l{\U^^nZ[[]+\\fb\\n\\O\\y\\V~:\\ ꄅRh\ڵh꫅jii1\\\͜9s\\+?uǍ\Za&Md;š,X`zzz\\+\\j\\\\ZWVV\Z\\\3gVXǴ)S\\oѢEQ{f\ʕ_ggYtk\y\f3}t\\nk\\y\\\v*(\YK}=\Cuõ*U\\(\E\r\z`\Pz1:٢\\t\0\	\\}#϶}u\O}V88\sq\׶qBXL\!Bi\p2\>\:\\\\\gz]1\硭\04\\ֱ϶N\\'\>+>\1\p\\(.\t\q4\_(\n\q\0\0\0\0N/T+K.\0\0\0\0S\\\\\\"`\0\0\0\0J/8g-_N\0\0\0\0P2|9kBu\\0\0\0\0\\Y\\E\0\0\0\0_p\ZP.6\0\0\0\0ds\\\t\0\0\0\0%\/T\r\0\0\0\0(\|:]l\0\0\0\0@\\\\\\\"`\00lڴɜs\9椓N2?\\ڵk\\\0\0\0\\\\\\"`\00(`\׿n\\r\0@_p\ZP.6\0\0\0s\\\t\0E\\0\0\/T\r\0(B\0`h\|:]l\0؁֭Yc]\\-[ܟ\\0/8g-_N\؝\\\\3\\宕6Ƽy\\\+\\\UQQa6l\\Z566\\o\\զ޵\S篬̵\̙3\)\\;Ԋ+̺u\\\+\\f\\\\ZI\[mmk\ןKVXl\\\fKPR]]mz{{]+[ñqzs\gk\:\\7\?==P\6\F1\\gz\J\iC\3\Z(}\\\\k\i\秜bn\3q\X\\\1\\Cu\\ҹC\P:\J\VcC\\\s~ꃨ/J}\"\BZ.r\J\\o\ƍf\宕:\s\\u0,\Pf}r>\\\d\\\]+\\nSWW\Zm޼\,[̵\\:-ZȆPUUUQ\\jimmuzzzLMMk\700`,Y\Zab\3==P\>\Nš9k\Z:PW:X8X\s\uԀv@6X*zm\Pz]1\\1:H:P\z\MCc\#\\\D(\'\0bt%\>SMP\n1\\\SR\^%	U\?>\3\\smb\\\{)\\1>c1\\g>}\Ϊ+9I\u\曟\\\\\w\I\/\\sLcu/u\\9$\h\;\\B\w\:C\wl4\|Fs/Vߡx\pK3a\WP.t鳪צ\It\.S\ fzZ<wxs\{\kЇ\\]d\"tF1r\\'e\\\\7{\?]\\&s`~\rr\rP\q\0\0\\Y\ӕ%`\r\0t\w\anb\\\'\\eI 鷿mG/>ht\w]:W2<\\;\av1?s\\\|\r\0\|9kBu\\0\%g\c<\\\\}\A\\\\|ʜ\\\-\`\߆\^3G̑\rՅ\?f\\G\B\0`h\<\\\t`Y>g\ǚ\=\,6\,=\\y\\\]w5\f\w\\s啦\є\+̥\Z\l\\\l|I\0\0s\\\t`Z\\c&\6=x\\rf٬YfɌ\\\]g\\\\\\>k\"4\gu[\\O}\\\k\\\i{\m\\7\o\3\\Zaee%`\\pJ#\9\H,\n7\\oH:;~\y\rVzzoPҁyӾ*\*_V`\no\\]w\9摛o6_x*$(}moٗ\;f\sϙUnmG\\k\Un\ַ\\\5Sa\)fS\bfg	\\n\\'N4w\y\\r\\<\\ĺ?9\B\gz\[\lo\=\\\}^뮻\\\?o;\00_p\ZŁõ\Ul\0؆t\0nO:c~{\\/4\_s?\HV֭\\?-+zڼB\\"f\qd\|\[\캫\\\~\ؼ\\O\	9%`\)Gu\\r\\c4Z|\;\\>X_\W\s\=g\y\\\_\\fm8\\\s\y\_\\{\#\0\|9kBuõ\Ul\0\\tͮn\\XUeM:\G\ڳ\2$\\\+p\r\`~x\q\7\hz:;\#.ټ\	#)[2}2\w\\:4\7\\'M\\5+\\\z\l-f\\\A;v7$eN8G\vƀܔ)S̑G\j\7\\o%\\{>Չ\'\\\0JOqhNBu\\00h4sq\V&Y6-p6\4\\{\\vt\\Ses\\?o~o\T-^l\w\ԩ\1\42=\Ζ{\g\;sl~\\k\<\\\\\\\j3;	WC\\{\\6$\P\\\\Wʹ##u\\\\V[\ϙ\\oͷ>Y\護\k\\Zj.5\p~`\)7\.vk{g\\n\'|7$e\v\\<\\#f \~;\\E\\\8\^{yv:\m\r{Xb9\\Sͮ\\}.l\{:9F\0@šy8\\\*\tµ\r\0ۘF5QlQО;~\f\\\W\T\\6ܝ\\\\\Ο\<\\ߚg\\>ֶ\T]m\>\]M+\\\m(>\_h/\<gO\\4\ZЩ\ߎ\\'mp\\U\v\\68\[l\\\\9lf\/t2\Ϗy\dx\\\\v\֬\lk\\P;C7o\}\ݽA)kv\i\\K~{\Y:y\Z\\\\\\춦\\/\\0\1X]r\%\e\0dTSP\p\k\0!\\==\\E\\\kN#\G}\v\\\\/\ߙ\\ol\\3\'\6\\zm\\\.\0<\T\\Zya(]ow_eýF nC\\QvfkFNB~\G\Zq\\n3\G\\xz/\愤\\ont\\쎟Ԏ\\\n\מ}\C@_v\y\\\\%ᠣ(鄬i\\f\n\@#O\u\r\bB!;!`q\ސ4R\ӈK\\vր-\\\q\\\\\\\\Cշmr~_0n\8\}\cbC\p8P\0FTϟoOkpw[] kĉ6`\\0[x]q\\vK.1\\k\F\\j+p\no~]\Zn-9\\\	EAyvZa^\\\o&\\\\|\\vW{}g\=\mSz\ԗ\\\wM޼q7a9\ݾꨏ}\~	\\\\y\ڰi\\Z^\\anb\?}=\\\\4z=mMS?9\C\\\\նV\\\n\zS|Ҝ_$\Kյ\׿\\\ڗv\&\\\G\I(~1\t\g͚+\\?\vg\\\\e\\z~Ҩ\\W_\%իW\\Z\LuuN +\/T8\\|\ZEmL\\.6͎r\\\ZѾ9	\\w\\\k\\sͯ/\,M\ﯽ\\\x\vBi:\\џr}<\0\\۩\z\40^I\\ny\n{7l0IğF:\\\c\\zm\\\\\v\kڷ}\rgq\߷\}\\'CS\\|ҏ`~\\?\\\\y\Z\\?\ܜl\\\m4\\\)jUu\t\k\v)<:\\\\YL\=_\\=\N\\c\r}\\\7\u4~$lu&.\\a][;Ti䲶\^ٖv\-\\n]\\C1e\`\A7~a\/}\{+\\Q\#mG獼U\r\0#n\i\\n\Z\Քdݚ\\\.\P\\\Js\UW+FmMµ\\\l]\\\uч}\C\~\\r6\j\U\}+j\U#\?ַ\V\V\\)\0+\~\?\\\\\\\\\\zIIM\\ڔ\$\i]_F?<W\Q\,*i\\nֿJnai\?\w\\p\Z9ה켷҈V~!\\\\\nI]w\\v}w\~U\E_LL\OD\r\oLGmh\\g.٧/nc\{im>`oP\[g%\{/v6\Z\\s\\L\r7X}\7\O>s\Xp\a]l\k{\I\(\\)_N\0F+\=Ip\\a\ZI.=\\|\G]\\\r]\\mCµ]kuk^t\QvZ\=kZv\gt-\I\n~2\\m]0\~ЮR`~e\\\/\\\\ۂi\X\j\\"|4[:+\Ϸ!\\\NS\5\Z\L\\ۻ\fGz5\"=\++\0ktW\gK_B\.v\^\w\A.\n\\\\僾\\\"q\~~\\\\\sۥ\\\}\\\'\XA^\]\d\\$<\KB`\w3\K\)\\n\\\\Z\a$l:ݫ\\־\\;\r[VZe;\8\\K\ñ\\{\W\w\rV\n\^{-\/8g-_N\0FhuqTkdZb)\j\+\\$\\\\\̱Ӱ\\KB]\\"aG~\vZ\\Z\\\kf\B\\\ې\g>c\\c\(¥_e\kYI\B_\Z\Bh\\巾Վ+~g=\\P\t\Sɏ?nGvKu\)\6e&[#\ZE\u^k4_\K\nY]/\A\\ZRvw\\-h\\*\\Z\5\\n\˿\m\\5\\\t\VW\f\r\\\\\\\7Ό\x\n\2D_T\Z#ٮz^Z\nZ\SE\fw}\{\3ӧOw\/i\^\p\]oC\7c\s\z\`{o\\0J/8g-_N\ؽ\d\4DXWK\]*\8i\Ҋ\(ҵI1\\t6\\O\x\Z2	1\\\\7y(l0\SЬ\\\\\V\\O\\\' XL\]\`J#86lpzB\Z\\3gEI`\s\f\LBFS\"36-E4][\\Zm\\\o6\=\\0;\\Мl\\\\N\\\\c?\	znᥑpxvĦ\rw)\+l?r\\vTYS\N?ԁ\y^6{\?S\ֽ\\w0zO\]L+;YMu\J\?=\D\$h\ϘC\~\h\N\\$,)J\\5b/\J\5h[\V\s=\0{&\\\$kJF\\E^\\矷\\89\\Z\\s\\~l-jiᚑ@i\3}J\o$\+Fֱ:\(\\Z\{ｽa)k}\4H޷\_\b\3n\\\\Z×\\\\\\\|뜏8\3AK#\s\\\S?Mڋ/r\\u\g\s\vԧ>\P_L>?\r\V)z\'\\\\w\\{G>\O\\ϺN[\Kqb\\m\9\h\\ľC1n~\p]Q?%9RK\\1\\gz>z^}\BXni\V\UU\P\\L6j\7Ƣ\n\1n͠\re\j\RX\s\(/4BC;\I2+u\B:6i2#}xcpcl}xc$u q\=֗\"\N\1\Z:\'I\8\X\\\ͳ#\\n\eI\~\\lh\cvdU#F?+$\OG~\#6*`§5<5%Z\g&[\\\Z\\[3\}\\\+mo3?8\\\\\\Zң\y\=\KvH7%\dk|\ک꺞\d;\\Z\..]_}\Ngח]\]I4\r;\42\\]\\?\p׃n\\Mk\\Q(uԵxUcuN8\/`kѴ\\ӹ5dZyߡ\>F\1\'9\h\\s\ZV{\\K9؀\O>d\w\eg}!7\\\\\s(\b\\\S1&#~Cc\W\^:4\\YK\\*תB.:\F\r\\0?q\v\nFE5Y+TkS\O\}\r\vWSĵ\"Fu\(MY\\#M_\I\HV\\gY\[$\*\i:t{/t\тiZ\[\\\-oAUS\u\\\u\\\HZ\L#\Z}eeݮ\M^h\\ ]X]\p\v[F\\_LhTZ\0\n\z\_\\KQ\\LM\BgbP\Qzmw-ti\Nȱ>Ҧ?\\SÞ\u\\^/\\,{GR\\[\}\T\K.$\wm\{\\\1\g\0thn\\J\B\B`;ЁXANciڶknAM)Vh\m<\\r\\nlZLӾu\3\^Is\\JNS\G\hp\"\(w[kO\k/T5U]\\^e\\\d]w5_\\\{]+տ<\Ts\q\\\\\{w_\o۶O_(hƀ \L})\\\Z\ֈ)^\\\\\N\'\FZV\\\\\\\\;\\\w\\\ҽ{\1\[\\\Ӭ<\\닓G}4\\Oσ\1\v\\\\q\f\0PҁyӾ*\*_V`S \j@V\.Ji\\\\r\\n\\p\H\ҨV\}lKAQi\Z+=jOߟ9\\ws\{\co\\g\oG\;<5\]\\uOo]\[ik\@z\j\i\\\ےQ+	K\\T\\\tu}Rz}\\FZ<y}.4Xi\[\sOd^x\\\\cm[4W_PP/Nt{\^ޠ\\{0\RX|{\0\/[\\Ul\0A4\"`FT5\[D\Vtaz\͏\-s\\'>a\\|\Wb5kd{u{=	Lx\s\\\\o67_|vA\\п\\\Ͻ\MvU\G\Q\\\\*\,4m35][3\0?\\Gi\\YE\\k*Q\\c$\V\~v\)\\F^\j+k4\m\=EF\C\\H\n\ZK\\{w8\\'|\r\\?\ϼ?3Xp\\\w}\[6\\\{\\\Z*\ߛo9\Ȳ\㧞z\+\\\\o|\\	\0!t\[:\rUl\0H5\"I\v\\\Z\\\_]\4l\,f\2;ZTl\rKƺ\r\\\vD\\k6	*\\o\B]z\\\\/\'<\\n\n\_?ǆ\\ЉJ\Z֟eGs2k\?\\؅\.8pHY{\\_ھ\\\\ї\"\?ZN\\TstiM\\\p-t\\\׹\1\E쨣/0JA\\\~m\ -i\~\\.milu\\G\}C\\\\x0:\\\赶\\#a=\0C!,\t\\0F\0M\\\X\"kS`i:V\te\\nJ\|\(\\\d;]\QQ7C-={\!\:a\\z\	vd\\\V\h)Nʮ0ZG\\p)h*d\vX\'&\\\0;F5S@#\zAA\5\Z\L\\[\\=\=\\{_q\VM_\Z\7ή\\?\\\'\3\\k\؇\\ņ\^}R\W\P#%`kʱ/0\rVzY_\>~\\\\#4n\h\rآ)\\v۰/\gaW\Vq\%\n\\\0\0b)\é\@]\\\`](_V`\tokM!\OB\\?^[L\\i\$!T\\nn\nkJ\.#\Z\\\\zy{=oU\nl\n\\v\n\\\k$\\!^!Op\n7$\G\\nغ\U\nNӣuݹF\wԢh\B\\9ن\F\n\Z[\\\\G\\,n\\U\\\!\Z\bgU/\h\\ZNBC\H	غ\QG\\rL\\W_[#33y\k3\\j\\w7\\\sMۋ\rf4lѾn\\\j}\1>{ۣi\w-\01\\/T\r\0#ȺWKӈV֊\\n\nf\\w6\iT$\ia{\G?j;l|u\_(^z\vU\\ffuW`T\\h~f\FӇK\\\F\\\{|뤳#h[t$@S\5^_p\Zkݖ.\Ɇv?ĕ\^;\@\A_vh\7}i\\u\rѬ\\Z\\݆MO\u\3{\\M%׽\\Z	[-T\K\\{\mOK1\ov\\'t)\>\FF{\샇z\\\~\\3Tv\aޏwڴi\\}n\\{\0\0b*\é\@]\\\\ZUEmH`<n\\cY![\N\\0Ozq\s\\g:\\\V\\$d\\ۿ{99(\\\x5E\\\k\\\=\GI\\(SS\\*M\C#\\ח@y\\>fCpi:«n1v\1\\\\\Z\Q\b\ 5}[ϢQm2k\/&\\\״\5|\?Æ\\?\)%\\Q\\\\Z;CAۺ^\\\B\\\nS\\\Z	\\j\\O?\TWWGx:\Z\]\Z\q\v\t[\[\\*~\׻Gyn\v\\\}f뮻\#\0@<šy8U8\\|\ZEmj\b\4`U5k5𦶂\Ip\J\g|\rs\\'aJFu+/R5\0\\\ҷ{\C\)\"	\nZ]ڳβ\Sg\W\'x\\t1\\\}\\\{\\vt^S\:Aj\\\ZvV\ZlQ\\5\\NB^CZGmx\qvhT_Ҏ\\__\3\\G}A	\﮾\\݊M\\jx/+\nvtV\'\^\\"V\nĺ\/3ųte߿\-J!`\\?\:\̚5\=\\\\\\ޟ֮\<C\p*}E@iV\֨V\5MYU8֨\\?]To\\"\4E\\M\'\0Vo~\v\ݎfSӨi\BbZlM֚\z\z\Yi]_M_\\|\s\\-pZX\m{\\Pȷ_T$\CS\5\Z\]_,\wZx\\]g\\\]v1Km~E~~\)6Hk%x}y3dkۍI\\Unkv__\\\rL\\\\͊\&᪫\\Jc\z`m\J!`FC|k\(F5A,YbN<\D\\V{\|>\1؊C\p\\UUp\"`6[Aiu\\?\T$ACl)xj\Z~k$*\*oL\]\Z\nمt(\9c\ڰkzj\z׿QYk\>Jy\R\\\\I\\3\\I\\p\\i\zn\>\\k\m\uݹF\\\\\\kx{\s\\n\IPlb\ZM\\\.Q\SeZt\M\ԗ&mk럹\E\+pkڹf\\)hk?ڑ[\n\d^z\ӹ\9\\\r\\j\]w5g}O\clE~\\\JW\Nk\Z\ƾ%<k\9\\V\]w]\\0BX\SP\p\k\0!Jո˒0V\TbX]\|\\i\\\c\\=W^i\nSHS\ȵVEu_\o%]i?\(\\\3\j\Z\k\/\^qE\\\"@\X\\\\\m\}\;\9I(\5кM?\\xү]\\mCS\u\u\\ZE\4qM/жӔ|]iz=w]~kغ6^\\5AS\U\nך*~ך|\<q\v\t\\L̎\\X\?\JA\\Gu08]\\\\`\Ν\!R\n\\>|\5\\\+fZ\\_\W?3X齫Qo}`[H\\Vq.\p\k\0192ݚkѴi\\'몵\\a\1?%\\\՚_Z\\vq=uV}촰Y\D0Z\\#4\]+*dk,tbTݎL#\z\M\v_\\\]v1&/\o\hF\\|\\\޷{8\\DS\\g\\\.X}]~婧\\i\n\k(_x\6X\j\/OtmoՎb\4\Î\\\\n\\4Xv\if͚5\ןl+7\\J?{m\~\\\\c=\\s\=ۥt\E,Z+g۫>\\ّ\\\υ\7\0l+\n\r\0#\\nǛ\tr\\Y\Zi\TjB\}\Avq!\\5\\כvZX]#\\n\\nٺv\P\\ߡ\\BV7\j\Cѿ\k\µ\Z8L\\\\\w\\Z4\ui\\w\_}\So\\\sO\6\(/v\W6}]u\\/\\}Y\n\ZaK.\1\Ȁ{B\`\@=>\\\ˇnuo\e\NXww\yѧWWUU\r{\pK\\\7n}\0\VC\p+6\0Z\^iѺ.WXS5ЦҭtK+R]\i\\ѭ4\Z\H+\\4\\NX\j\;+\\\rןsiO:ɇ\\\3Z^V\V\5ݺ}B\O\l\V}+y=Y_)\\n\>\巿\\G?\\Z_o\ȼFun\ފLa[ZlN_hj\ĲU\\\#\=q\{\\F\%R\rc\\Xk\\'FX\\0\Vq.\p\kUԀ]\\\ic\ړ6n\\n{kP\\\ƍ]+?-@c\\r\OgZ\ToP\`(uo(\S#u\0\\\t0\O}֓S.T!%a\/z)\z`J+Dk*\`\\PQ`jB\\?ю^\\հuom][w]筰\>\\n@\n\\fljlS5-<	\:fka5zy\v\-\/2G&;\\\H\?lG\g\'\\h\3B4r߿91	{zN\\\*\{\Z5e\\Sĵ\f\kFBUϴ<\\\:\\裏u\1;?$\n\\O}\|ӟ~\\J\Z\l8t.l+\cm-j\\\sαy\\'>\7\q>\Os\=78`\\G\\\\\ҥ\W_}>\\n\\\m\r1\1\τ\Z==P\BXn\s\T:PW!T\^[!\\\n\Z+`\c\n\\E\aOcXpݐV$\\455v:L:\t\uo\yy,^8s\'r(\\ՃvCmLl(4\2Xli<ctHjjjt$t\"	9(\\k-\\S\m>V\tnZ-{,g2M5V ]M\t\~\樏}\\\r\)6j\Z9+dkDV\a\zٳf\ۀix\\\{u/\\\\qQȞ:a+/7ɱMRh\k\(FԵrk\t\VcZ\L\\u\\\\\Ϛ+\\\-+\v\k\\\\\gM\ҿ)|\\[C\>\c̞o{\\6@Z\,ݒkV\\\C\\Z\?lܫ\rO\o\J\\S>\\ClM\\2\sF\\\\\U/tO\\\Yh\\\*\\\\Zi%\\q^\\\\J\<\n3\G?+O}\#\\\\'\s\9\'8`V\\pf*hk.]F}\{z?\\;VO\\\\B\4\'ǜ=\\\\Sx	/c|\D/\rFb/Ɨ\>\^!0\\\g8T8\\>g:µ*8`\0^Q`@\fL]*|\]-n\t/\	\'؀Q\B\mIµn\\o&W\Ĕ\\t۩u\B\M\mt_m]m졂BF\\\\⣏aY\xutӿ\k֪\z|QPW\\v!d\\\\\(t\tb+x)	\Z\O\\)]\ŀ\}a\(\k?\+_1yk[\\OH\p\\\тt\"婻\27\5\!\\\{lXKA3\\ދ\\\#<\؃\QGepT볡00\{o\\{osG\Y\)\0dQ\y8PWqV\B`\HB\\~K{a\6N\ZmVض\+\vʴS+(k\U\\.,	V\Z\\\nC7F\tom\\L\\\\\\oxB\Pv\5\\ו\t\^\\nʚ^תku=\?\N\\\\n\&N[4>m\\/\؎^m\d\u\\\\'z݅[k\Zu\\ȳ\V(\cijB\\$m\z-w]q\P4B\G_x\:l\\ۛi?iF\m]\\Zһ4	FN\4\\|ե5\;dr\)\\\/{\\=BR\rآϒF;\0\\ni&l5\0(\ét\\0Ff\\Z\ւd\n\nx9\5_y\;mTXՔrQӨF|\\̱\b\'+IBVPIF-\\Zl8k!I\M\\}(\\(8jYU7?\r\\nƺ6Y\\~\\\w\\\Knk\2\\BQVWP\6ѭ4^\{\'i\sƎ\ih6-\\mSߥ/h_\Ik{h\\5v\/\N\.6\\\~\k\\\o\Խ\\ck:=oM\_\F\Cm\=y\d\}\+]C\0\\\\{R0hj\M7\\\\-ݫ\\0lošy8\\\\"`\07\'\BQj=b\\Z^-lQPjUS\g\\KiFREaRQ#ZaU!RSN_:c?\\oF\co\׶k\Xzi\]j+\\rV\"\H}\VbZ\\\#\q;nU\\tiZc\\\\B«_Ӕm}P\ֿQ@\HF\5[\;g<\6+\\\\\\n\\=\\\\n\B_0\ujj\\_\~1R\@#\מ}\\-\\\\{.\\K\\0\[נ\\\W\뮻ܿ\Okgw-\fjҤI\\+\<\ӽ?k\}\\\\\Z\\í\@]\\l\04uY\gaG*޴h\\V;}\\ۀ\'\n\es\\\V;\jQ\>kC(*Fl&\\Z\EGiNIBBOSU=iZ\K\\\\3\Zi\H°Hk:\D\0_kcF\\\(|^F\7&]\\\)\ZL\\v{iʵ\+\\KiM_8$\I\ń[_6k\r\\Z\\s\	^x\\[\\\\\y\$\\\{\4P״n}a\w\\\\\xA\i]\.׾:\͝?,@\C\[x\3`\L\m\jJ@iHi\\,vk\>l\\\+\-Zt졇\Z\\\\u\\0\[!,\Bõ\Ul\0\FtV\\}p\Mvxm\4zQOHjDW9\Bдp\FF5J\\\,4z\\g?\\]p\\+z\]I\\)k\ZU\}5r\(FJ5R)\zlN@ɃGL<F\S\\\5\Z_\#>a\\w4\p\FxuOm^b}Y/&\e=S\V\\\=\Z\6\\\-\\\ZE\u~\k}\\s\\\(~v\\\\\>\\\k/\$ݛ^\k\\\\\5\\<o\{=/<\rUڭkCk+\\o?3k\,\*\\\5b=\\Ϗrh+\_s[=~ҿ\\\\0=yK8\\|\ZEmD\,+\0+kUiO=\\\.{ͱ\*ڭ^T\56\җ\HVWWԨ\t¥N[Q\8\\\\\>\-3=+\\\J\}\Z5\\Z\Uյ\\Z-Vh\\пժ\\|0^L\TQg\s\G\qk\o\v\*\\\9s\*\ﻯb\\\.\\Fu\-}k\\gmVDO\Nhi:\٭E\t\\瞳\'\4\\};\/\Zt-k\Z_F\]O\uݎ!W֭N=\Tox\ZɥPD3W}p\\\\\QZ,\\\r\ԩS\\\}\CՑG\\0\\<*\\UUp\"`6\\HFk5Ҫ\sO\gR\k\4\ZNO\a\VU\nv\W\\Ze]k\5\\\\\5M3\}\v\Z\\fG_EӪW \\\\\\TScou\\\\u\w&\\mM\\\\H+|0(ۅӒ׬\9hZniUM]\\{wM\\\\Z\\\Э\\z\O\&A[a\\\\?\rҺ>ZkRCΚ`}yQ}j磑\\\\\z\\\_\Z$\'\=ǹ\~=i=\\\\\m\-\{w&C[=N\Z}\(/<\\\nغ;\l\~\{\szt\-\'|\uUZ$\r\0v\\<Ji_`PZaM\ȳ\\\\|\[\Tg\*N|\Q;Y!OS5z\gK~F\Z!X\\`uͱL[\g]\\C\u\Z\\a\$L\~\Z,M\B+\*P\\±y֗\n\npkH:\\Z\k\\\\Z\~y\3\\?\e )\z-F\Ю/z5Z\0\nZ8\\|\fMW\\\lm3M!<ymמu9?	\\$\:x\LA<Ӵ4\r^ۢ\e|k%w]뷋oۥ/\n\6\\l\2Wz_\Sw\m}=vmm}l_p\JSԵ\\!\\nul\0;#_p\ZP.6\0\`Z\KX\U}idVS5\[!\\)\\ VH\\m`]o\ Q\\}uݶ`\\Qյ\\nZ\KS\\f5][S\׮^\*\\0ªF\\\n\n\v\\\?\\\\5*k\Z.\\h´NP\\z\z<}\\=\\/	0\s<4	Wy\r2B\_??T\\\\\\\\\\z\&rp4}i\\ZW\\"$M\\\'I\0֊\z.{\?\\@\n\\>\:`\\\3Ϙ|\+\ള\q\gJ˃:6/8g\@]\\l\0\<\\\Z\5]y$\j4T)8*|k\ZjHBF^5͸pk*M@+\0\kM;V\T\nojzm\9+\Zl]M\zeMV@ս5\Zѵ\\ZI:	uZM\\V\H¯^\uj\]\k)\CUkڻV\ֵ݅ۑ\ggH\6\\:h\/\\u\y\\\Z\\\\\֊\:\j\3F\0\ׯ\\\7\#Ov\X0yN\\[u\`8\t\~\k[\\E|ig}\\\<\\\>\\\\쌊C\p\\UUp\"`62̔\'Su\\j\\n\n@\\\nםs9\=ﱫ_+\*+\\\\\UYl\\\h;`\@¿\\Bk\Z\\\\^\\I\^\*\\I\\Ȼ\#vV\'$\iԷz\\\\\(\Z\\S\5\"\\\\W\\k\n\\\>NЗ^xھz\zN^=\Եu-] \;\~\u\\i\\~]\\\\\\o{eW\2`\NO\^{\\\rM;Si3}Q\\\\^]v\\쌊C\p\\U\\*օ\"`6RFH5[Ӿ٤G#Qgf\\\8\\FK_S5R\Xk\Z\_k\U^w硐Я\\o~\vEn\2LSVהm|{\ۉ%__#\Z\\\A[!6V!tӗZ\\\0%[#\n\\Z\ֈ`k^_\\w\\>\N\\T\^n^X(0\r\\4\^YUnZ\'Jx?{\\\\ގ\r\%\\hT[\$M\G\ǹBW.X\6m{{{\\\\8\\0;\}د#`\\\/T\r\0;XOW\}\R0\\\\n\n\\˗ې\\8p+\\Ckf\:;MYR\n\:hXZ\\\v\\\\\kP\$$=AfQ`D];\\\Ϻ~ZOGTYS\;5]Z\_!WU\8\qN,6z\Z\\H\<\\-\\n\\;\\\u\\EGiv{\\HF\\DGs7zZtNi$[3\>\\\ڵ\\40.Z\L܎^\z\E\\\8=\6`kںnj[\d_\\B\\?\OLR&+\\\\0vF\<\Ji_`\\¨Vֽ\z\m\0\]0y\\ۅ\4%[\\n¬?7&aRaZ]]pD\mo#U\Zq\Q^=\'V]\\\\5)t\g45]Ӣubږ-5\_\Ħ\laMþ欳l\\5ҺnC#\z\"C\5h{k4Z\\u\ԗ\n\Z\L!\\\z4]!^\ntmG\믷3T\Mvz\\yh\u\\)xFu-eI8\\u>y/\\\\\\ZŞ8q{\_G3J\\Vq.BN/\\\\0h4S\\ڜ\\\\{5*n=~\\'>ao/Qbj\_N{i{Bu\>\\첋\5	\\\z?\\٩\\n\ZKVa8{\I[LG\D5,\\Wul\\\\\\b\溽\\ҶS״\\vkf\~\F\r\u\wi\ZS\u\pMU\~е\G|\#\7\\ҵ\n3fo5\\\'\\ަK_x(`t\\\5\õvww9\Cai\n\\ظ]j\\\\\c\>J\\뮳\߳\"`\r`g\v\\yJ\Bµ*jփV~z\y\cYlc\ʭzmPz]z}4\*\>\/\>\\-k\\\\KXL\%\>S=XL\G\+T}V8 FIuoj\j\G\'`G>\,^~\Z]Y#ZK\&Qc]׬)\\n\\n\XS\\/_z\e\5?K:\\%![\bֽ}\E\VQ\n\Z[OaS\\\\}߭\y}٠\\\lc\3\?&a}\\l\'A\\\,\\}\!{\u==v?(\~\&]ϭ\g?׺\\0{@܏\z\\曟\\o\´\\L~\"\\/%!\\_zh=\4zm\o~\Q\\gzw\}7(\rU\n\\!\\\q0\ׯ\\\\\\d|ӟ~}衇\g)\3ӏ3Xe	ر Y\\\v\.\pv\\H\;\\H\;\\g#\j\\\S\\>\Sl\\+}K;]zm#}\\nU\Krl\\C\P\֭3\O(m\N\\ɓ߰\Z`QLuuuUR\\r\\Oo9s\V\Ia\ԩCvڲZxYfk\W[[kGcBu&!̵\\m֬Y&\>1cF:3^<+W\\S5%wW]e	\\\\#fk5B\l<k4ݛ{{\mVXV\\h#~\\\\{\\\\;̆nM].Ш\\u\S?+\FP\0F^(B\%\C\=q뤤\4k̘\¯\\ýf\G\gVk\\zlݷ[S\BHS\v\-t}F5[@\Ead]r\)v\$H\\\nXۙi\ZB\\r߿v\\_e\0ъ\?Oإga\]>m\:(JֱzÆ\r6H<\\4T햼\+\>\n{	sYUUk%{ǎk\\c\s*ԧ>\)\|\\r\n},\n[\\~_e	\\\j_\P\G[jk\rnk{]v1\\\7`\\}	J\	\\0$\\,_Bl\\\jjjLS\byG\\鸡Y%1\\;L6-JoIrN֬Puuu!f^]]]f[{$\9sk\ߋ\嚶SAqp\Z\멟^ӕօJk1\zQ6\0\\nIBݡ\\>`\Ո\\n˺>\㏷ei,]k~\\/̷?y{\\?\\\ſ\\;\an\R\=H\謮\\h\_\k\\ZI\`v_*\HjLח^\;}/,v뿶+{\!3\\G\-pm/B\SҞ~;c@+\Zs\\*\\c\^\\\?>\;c\}\\n\\r\\C^^\'\y(\ƞ\"\\\\\\no갞z\\\4T\}!\\0EuL3*\\)_NW](6\0D\yU~\\\QKM֨\k\5\[\s\5js9\{\=塞\\\m7s⮻ڠEu]\y:h]׭p\Z\\\\=\om[![|f\n\Z֌\0^MVֶ,;\.|{y\gZ\\_b\vu\`i\}\V\f\$\*\\+t?\W\N;z@+@k_.L\\\\\\g>\[3EN<\DoH\Zt\\Y\!y-ۛ\C=d\/y\`\\d\w\4RB~\\/T\r\0;F5Y#\_s>Z\u]\5\ji\ZF?\\`B\\\;	\~\ԟisaFf5\YS\5r}\e\J\W$f\ln?v\m\R\/N;\\wg~\{\\^!ZƯg\\4\[o 7\-\\2я\c\]\\rWi\\qt\r\\jf/\Y\\\ZnX\g}l\\Q/_nN:\$\st\zKFد#`\s\\\t`\=\t}\րШ\\u\ZZM\krkV\H\NS`Ӫ\\ZW\m5ڭ[HizF\u\*\꿚\7ٮ:~a\U\5z;h\r->||\=\\Ca\\o\E\kD[x\\r60kZ\\O\#7\l\닑ٳ\g\55\Znpu\:ʜu\v\n+\y\gv\uWoH\ZJ^g\r\\ȹ\=j\=\4&Mk(\\\|9kô\\0\6Z42jq?\1;\\\\n\>\Z	]YYi\\\[rofCr1tQsy<ŷ\\23{\XSLo]\\c\\\ µ\W쐭/4\=}YPXU\~b\^LVQ\h\\\\\I\\\6֔}]\5\\\\ÿ݆<\\js\ \Vbl-\d\\`\\[s\H\\<\\\\>ǡ\\\VA\"`\r`g\\Y\\UUp\"`@dՓ[Fdumv{S=+	ZJ\(i\ڳβ#\\}NA\\\ۓPC5gt\KB%\H\\vumV\ֽ4;\"V+\n\\\n\:1e1\\]\;(-N\\\Z\4m-\ޓ\\0P\/7~v\)va2\&U\5m{TkJW\K\Uf\9\\u\\b\믿ގ\\`\\{ەw4\E\.\>ǡJo\\\\쌊C\p8PWqVµ\r\0;\Yh$Wa+\\rF[Ӛu\\\\\\n:)ha.bk\rW\\c,:լ.&<?%\'#-$6Qq\0\\MC\QWн\\b\\I\\\n\Z)=\*躶\CՒ%6+d+O\|\g]\\5m^\\\:ulm	bl\Z\㏷\\|Քruv4ur~\\\}\u袋ܣ_G3*\é\@]\\\\Z\\*6\0`Z$\\\r\\\O\"ҔEB\^\Z\L὘=$}?}\=v[#7\n\\I\VH\]`\;\A𻆢\\\nM\\ӿ\(\mG3<\k\'\\Tz7]p]LL׭\\\\\\\\;\;ukm7=\|\9{\F\55_\>i\\\m\\Z^+ؿe\{$\\n;\Z\GV\5\#\]\Zj:6\sy+}U\\\k\0F0V\\tv\k5}\\4\O\f-\\:+L\zmHh~ކ\$P\SZDM\\Zd>MK׈\	]M\',tkحi \\\:/|.\\\\i\w^~\rޅk\5j\,>\4%!\\]tw\e?\BA_X\\*}py\\m\H#`&\\sαAs8\G}}\u\\\\{n٥\08\48\w\\{۲\H\\~\\\=T\|\\\\0`+\é\@]\\\`](_V`\\\\ZYֽ\\ZX#\\Z\\uպx0[^+jY\r$h*Tk\\\m\)\\\\c5_\m\j\\\p-Vt]L\"(X\\t\\Ko{6pҙX\w\nҬ\\i5v]\\\\h\E\\\\\5ٺ\z\f^mG\o[s\\}\Q\#GCC뮻\wR(\͆A\-\|n\\\mCoo}m\=T?\=\0l\|:]l\0%.<\H{)]3\\FtuͲ\\\C5I\\5\\Z\U\\HV/Wh\h\\BRkV\V@\E/&\\\\ш\m!\\hv\\k7B 5g\\\\r\\&WڳE\\%nu-^4\J\\n\Z\\4sM\>`jʓO6\Z>\\\\\0\\/T+\\*6\0`\n\ZiM\ZAŎ\*L\\Oo~\36l6Z@e85e\/ن\x>FLn\\w\mG\j\\\_td-UчKr\B;}\\^\\\\̘\ڔ\Q\>O\\\\nb|#\&U\\\%~]\nUuu}G\Q|m_\HE\0`h\|:]\`](_V`R=\\\\.VWȽ\)`O~q{`O\\ua\X#\\n\\n\n\\\ݢKSzBu\\\r?YU`\|\$T\\\-n\Rs\9\;~S3\\\\\Y\5\}\\\c?\	s>e\[۟K^\C\V[>\\\\\-j\\\=\u!\f^\\kDl\0\0\\Y\\EQ@\n\W|\;1}Z!S#?>\;}\]v\;\$\5R)\Qܲٳ\#7\lO{(	hz\3\؟U\\\Q\K\V\:ZS\\%Gm\\gi\j]O\r\\\\\o|\\\\BeG~\#\o|\i\\\~\3;	\Fߥ@͙g\\i\tMu\m\r\0ЊC\p\\EQ@aO\\\>\l\FJS5}\!\칧 	\Z.Qَ\f;5[S\Z\KZ\,\}uK,XY-v5\\\?\\u?\z9I\z\\\\gp\r\CkDZ\\5\")\喦y\sDu\-z\\\\\\\\xz\v*z\\\\mMw\\\\\\{\g\:\r\0\|9kBu\\00\nh\\w\\\G8\>\-+W\[P)\>\}\\\\uՍ\o6\\FPp?k\Z\:\\\\sktW\Zuܧ>e\\\nl\l5<:\Z\G\;\aSӼu1c\\+`߷b\B\.\k\p\ke\$S;\N֔q]\D3\04\_\^[~ݹ皣m\\s\*꺽\HE\0`hšy8\\\\"`(¬\\\\<u\\vWVr=\߼R\\\pZlݢK#\\Wk\\ҭ4*EþV\\Ja_\{\#\\nÖ\4\"\\o?5)޺w\\:\ia5\\tr^=-Ȧ)\ZLS\\×\\-\:\9.\\\\k\\U馿X\|$!`\00t`n\\\a[\\\dk\/N2ŵ\\2\\\L\)\F\n5}t\\FTB:\ʯ\,tB!֭[g&N\Zaq\0\?p#p!fΜi:;;]+\$\0\>Z0|\ʯ/\=Kc\Ш jΜ9}늳ZRU(==<\$\=-\nGO?\(pF}\\\\N֨v\IC\\Uw+[F52V\^\u=¨F5e\\\q\ZjjrS=\>\\\7z\[̧\\&&Mk\\\\4¬\Җk\\\\BpՋ\/xٹGm_vMK\U\\̽W]\ڴ\\=\|볟/\Z~\\\WW\ڲey\\\\+?}.\Ku=)پ:fZh=7˖-s֬YcM\Zs\\\OVz\\EBM:\\Dat\Rr/ֲjll4\](\'O\Z\x\\OVg}\vC͘1ì^ڵ\[|u7hnn6,p\\'\\	&VX}1cƘ_Κ5\td\\ps(ɹ*9ׄjmm5\\\s6&\\q\ƹVXl\ر\y;wiswBg\:V\`]\`}\~Ԁ\r\0O\-?y\\}\.\u\\?n\\\M\\`z\{\4ep]Fښ*\|ۥ\\\o\I\u\\N<\^~Gm=k\>ۮN}\(NJ[\\z\\Z\\)\6dz닆:-&>\rӅ)\2`n\yЈn˥Uя\\hkt]w[\\K	M\,\=G\#\\P:\`\s\\\>-\0\sN\\9k*>v\\0Ъ\Sz\\*\/~\N\\q-t\\}B\\$j\V\ҨF}\n_\Q/L?i]%W\gG\T\\v0M\.V̭f4k15\Zi\ţ\>y]#)\\'\\o\<y\]\=ƊE\v{?o-\&Z\LSΧ=7adJ#\z\r\n\~VdIbl5B#U\bg϶34;F4\L\\\g\nQ0}ۿj\*\,!J\\4\2\0\0l\|:]l\0\4E4\Z\\}@Y=VHV0V\\*\ZL\\Bi\\~\\nvUr4\ZkTK~k5ȏ~\|\\SO\:}\}\5	\Z0Li4ZX׉?t\\r\مQ\\\ҧ\\r\\\\u}F\E!{y\o\j\ZMk;<F\x\q\y\\\Zqɷen\O̒\\\\ܙ\\n\\n\?\O\\\o\\d?|\\\\c5\\\s\_\\\\_\q\\c?:.ٮG}\\\4␭)\z?\LG\0 _p\ZP.6\0\\\ղ5:\XX1[aV֚6\\.;\mE\'᷶\\c^\t\>hnJBF\׻\\nbpE!U~\wӻّlr]\@?\'\w\iꓟ+^l0Z\M\\x\͉I\>s\﮺ʮ>^\\Z}\\\k|6tдqM\mt\\\vJP\b\\r6_\\1n\&{m\\\vy衇\Ϥ\/K{\G1W^y\m\=\\\&:\Zl\0\\Y\\UUp\"`Nj\\\\Ze\rK+fߛ\'{\礖͚eW\\\Z\Z\h~會AT@\\S\\\εUӱ5\[Ǉ68k!+]ri\fBS\}/9\;¬\}s\\\Il0\Zm/\\W}O\Z\y\;\I\F͗\'\Q\L\^\`Qz0h\TsO4M|\\\yo\>\\>\TGXsG0\E]dGhRa_\EϴHX1\#<\\r~\\|\\>\n\\0![Ł\\0P\"t]\I\0\?fWs\\ofkCV\hp\\IR\-\V5\\\\\n\\n\n\}\\-o\Xw\\\Yڧj\bs\\ۑtM\\&=\\$d\\\l_]M\N\\\\5\}\sе\\n\n\\W\nQ2-\c*+\\j_\M\~\{k{h\sMg\\I/3u\Q\\G!yk|[ԁ\H_u\Uox>l\0\\Y\\E0Z`]LSַcv\\^ \=\1<`G\\'_ޝ뭵\ӈ\I\\q!\\zfF\4_|\1\\5j|\I\'٩\\\\ِ\O#΢\TWՂhٖΘaO\\\ZW\/\մ@\\\w\\\n\\]}]=\\׈~\vhN;[\T/\\\p\[o\\.EuM+\\\~\oX̌\r\0\C\p\ӕօ\k\0vrYU~\\\\&;@i\\'\]=[Ӧ#:t\c4 \\\'\\h\4T[ph\\\\j+\j\o\}E\h?}\\\YW\'P\d\яK>\Na\	K#\Zl\i\V\\\k}) \\n\\Z\CSϿ\^v\\\U\\<	\ۆꚳ\2MM\~\;[\8o\~\+s\)؀\=\\c=\\-\\}\=\\କu[n\|\ߴ!k_\0;BqhNô\\0P4\kLf\W\ZA\\\\45[+|kZ\\\\n\jk*\\x7\'F?\}\\@[\\\\\\\'Z!\$d\\\Fs\QG\\d)\\9\\\n\Z\\l \\g?\\ɪb|sց\)\\n\\ZY\\k\w\\\\zq݊L\\n\:ih{\\t\uyo\s\a\ŧN\~\\\n[\[\2\'p[\\?\q\\\\\084|:]l\0(a6δ\n\\\m\\\v\wcG|bu\]h\"Sp>lXU\rvݵF\\gG\'\\vX\Z9\ȲND:YF52\\o\?\^\\uF\5\]\MI\0W\\fK-\k\\\\[\Oוk\6\\\\\~\uq\\.F\~\\^4=\V~\\\B>\s̝w\iK\q\i\\\\\084\a\W\\Z\\*6\0rMM\{pOF0\\\Zɻ\v\\\nV\j\\mx\u\\&gn5zpF\_-Vl\NV<\\\4?\7\IPP\\\h\n\ZLSumn݋[#\\$x\M\\\\oՎk\qƏF1v{{\rгfͲV8\(Vy\Ph~\\O\\Z얖{\.hO4\v \\n[\x/Xtuu|\0\/T\r\0x~}\lՂgx\I\ZzV0r\hB\`t\FSu[-Nkuo-\mMC\\՚\\\i\\\s9\8	\\\\\\\\n\ZdM\\n9f\رvp-v\\\*s\Z՞\3\\O|\\\\ېih#`X\\\q\椓N2g%\\.\bq\\裏6_~p?gNdhT[\\\((lV\}\\+;]\n\\0\0\\\Y\\UUp\"`(pg5\*M\5\g|av-JӺ5<M\\Z\\q݃Z\\vz\{\i۷\f\\v\4]-Ƕ|+0_z\q\ه\}vEp\VK\\\>\Z\0m\CO=e;\u\\^6{r@_\n4]\r\wf1\-[LUU뮻\5\\\cJхE̊=\\s\g\ϟ\ϟ鱴\)S\@ꋘ{\\\I\0\0\\\\\\\"`\0\@A\wI:S2\'ZZa$)\\\̵geG\\k2-`\hM\\\"e\uM\y_̭^jG{\׈F5\nku0:^󚒮[ku\+N>\^3)\Z`M\\\o\3I\0\G?+k*k\\\\'\R#`\\n)\\+\\\\I(΅^a;\ѿ|\0@t`n\\*ת\`](6\0dϛ0^{}\\\\i\\n_xL{\;b\5\Z\3ϴ\\V@Vi\4]\'=k\3\\\ͣI\\jz\\\&\eG\ZLӼ\[W\F+?u\\fĉ\\G}\c\\}9}}\=\"n\4\0\'\fϷņrM+\-\}\h`\Z+`\00\Zs\\\t\0Rж\I76\K-*P\{\\o\\\\l]\\\l&[!n0\~\oRU\5~\e\@]d)KBv]YiIµ\GAo4\'?w\\G\1p\IPה\\+\\I\\\\\Zy\0/8g-_N\0B\gP/\\\I\\\we;j\\_\ϣש\O\}w\\\.@\\\څ\5?+\)\[S\ӏU(M)_4mڠvl\0\0\\Y\ӵ\vss)//w\q={k姍EXb?~\`\Ν\o\pi5\\\F\ʯՔV~N\\H\3fS\>F\\mf]+\\\(\\\u,Y\Z\>-	,1\\gZ,i\AZh\\\t\\\\-B\\DzNmbj\VXKgͲ\\=\\{i\t\=v]\g\\6s\\'?ig\]\q\\we-\O?mB\\\'\ҵ՚\i\z\\<\#vV	\\~f\\n\\n꺞\\d5\Jⅽ\\	u\ĉ>x`c١t\\-B555\\J\ʯמcC\\\s~ꃨJ\REījժUQ{Z@\\ɱ#	&\Nqy\\E%{\r\r\r_[[Ylk\\\\gf̘\Zab\&O\ZpYzk\WSS\]4r`\\ŋ]+??N\Zab\3=͛7V~\>\Nš9kCqNWqVCJ}t}\l=p^D`$1:\v@(.P\\\ޡ\\\5\\h\g\61NH2\S\3\θ\\\*\I\k׺\[35n\r\p\5*}\\\޺V\tr\\\\\׮<9\\0\3k$ϯ?Ý\n\<4\:H\'pB\<\sk\:c\H\;\}Foh\\.V\a\\\w\j[\3=f\\>~Oqi?K/\(PL\0Ν4e]@k\nB\z\_\\\/boj\\2Ӟ~\>&)\\0\0-[P,Pl\06\0Pv\j;M\'\\RD\0`h\|:]l\0\0F6\0\0C\\\\\\"`\00\0/8g-_N\0Q\r\0\|9kBu\\0\0\"l\0\0\\Y\\E\0`Q>\\\\\o\?|6\0\0E|9kBu\\0\0\":WWW\\JSWWgO\\0\0\u\|:]\\Z\\*6\0\0\0\0`\\Y\\E\0\0\0\0_p\ZP.6\0\0\0\0ds\\\t\0\0\0\0%\/T\r\0\0\0\0(\|:]l\0\0\0\0@\\\\\\\"`\0\0\0\0J/8g-_N\0\0\0\0P2|9kBuvX\\\0\\\___)++s1\̙\Za\Νk7d\\r~z\ʯV~]]]ֵ\۴iYtk5kS\\\7s\\Jv\Z\ʯɴV~\\ݦڵ\\\\7/v0\\\k\WUUezzz\\+UV\\n\b\\n\\o˖-v\k\=y\f\ʯƾC\3\Z(}\+**\\+?\\u,!\>ӱz\ƍ_]]=ҹL\P6l0˗/wt\9?\A\	>^_+WھZ\\\(=-[\Zs<{\l\\n3o\<\A޺u\\\+\\F\\\\Z^:JO\%KVXǴD\\\\\V~\\ͦŵ\[fMU-r0\OSAqh\Z\\鳖\ŕօ*\\\\<5`\C\\'s\r\\/z=^(}pcctjb~\o\:qǠ>\\V	/\ED(bG\>ӁIP\>1\\\\"z\F\&FXL\!B\\g\*\>\1HǢb\3_u\rs\!b\tn\9}X,V\a\\d\b\\b\FsO\ő\ߋ\w\\}m\\\\6O\sc\Goq\\.}V\\tl+T!\\\"\0\0\0\0\)\s\\\te	؅\"`\0\0\0\0vj\|:]l\0\0\0\0@\\\\\\\"`\0\0\0\0J/8g-_N\0\0\0\0P2|9kBu\\0\0\0\0\\Y\\E\0\0\0\0_p\ZP.6\0\0\0\0ds\\\t\0\0\0\0%\/T\r\0\0\0\0(\|:]l\0\0\0\0@\\\\\\\"`\0\0\0\0J/8g-_N\0\0\0\0P2|9kBu\\0\0\0\0\\Y\\E\0\0\0\0_p\ZP.6\0\0\0\0ds\\\t\\\\k\\\\\+͛7+WV~\XfŊvCjhh06mr:::̚5k\\+kך\\V\\o``\\չV\\r\0UUU\M\\\\V~۵\[~Yjk\e\S[[\Zab\\Z{\0\n\\\l6l\\Z^\tuuV~z.zNtv0\\Cz/jii1\֭s\\g-\ƍMcck\cE1\\g\\\ߵ\ӹC\P===ݵ\ӹU\\P\HUVVV=/D\\v\\\ޏFbO\GB\\\\\l\\\yQ\\P{\7*VO*\bi=mmt`Ni鳖\ŕօJjΉ:^G\r\\\\\3\r+@\`J\'I}pctl\\U[bt\֛=:1Q\_P:\\\#@H}\q:~1:6\\\\\\\j\\k\=\$\t/E\\E>\1|\	8FXL\juC\ܑ\\\sYΨ1::\\\nꃨ/J+Ɨ\"\\\"+V\A\Ñ\\\\U\P1{1:*@\Z=\\S!\Y{#\\R[\guqu\\Zcizm\n\\0\0\0\0\0lo\|:]Yv\\0\0\0\0/8g-_N\0\0\0\0P2|9kBu\\0\0\0\0\\Y\\E\0\0\0\0_p\ZP.6\0\0\0\0ds\\\t\0\0\0\0%\/T\r\0\0\0\0(\|:]l\0\0\0\0@\\\\\\\"`\0\0\0\0J/8g-_N\0\0\0\0P2|9kBu\\0\0\0\0\\Y\\E\0\0\0\0_p\ZP.6\0\0\0\0ds\\\t\0\0\0\0%\/T\r\0\0\0\0(\|:];,`oܸ\\\\V~[l1]]]6VKKkimm7^^_kך>\\oӦMǵ\ӛӵ¬Z\)L[[}\Zzp֭[g6l\\Zm޼٬YƵ\Ӈõ\\\g\\\\\\\\V~\ׯJ\E\)Q\\Cz/\{Z\\P\Jy}\C\cQ\\:fҹC\P:\*V\A\z\cPD}P꣩*V/V\a$\\b\FZo$\b\\b\FZo$\b\\<\\>\g}U\\\kH>~Q\n\Z+`\`\\\\Z\b\\n\\Oc\f\\\vCrlnnrR\\ӛµ\,X)\ҥKtkjj,ctwt\_|k\\\ʢt\"\\\t\uҎ\\\jkk]+?-[\Zab\3btHV\\\\X>\\\1hɒ%&\>ӱ:Ɨ:w\\H\Q\P:\J\z\cXh틄R(F0V-\G\B_eek\r>1:\\\QBMt///w01{:?\y:\&F՗X{\_\0{\/s\R_Ot.t.Tq\\L\\\0\0\0\0\\/T+K.\0\0\0\0S\\\\\\"`\0\0\0\0J/8g-_N\0\0\0\0P2|9kBu\\0\0\0\0\\Y\\E\0\0\0\0_p\ZP.6\0\0\0\0ds\\\t\0\0\0\0%\/T\r\0\0\0\0(\|:]l\0\0\0\0@\\\\\\\"`\0\0\0\0J/8g-_N\0\0\0\0P2|9kBu\\0\0\0\0\\Y\\E\0\0\0\0_p\ZP.6\0\0\0\0ds\\\t\0\0\0\0%\/Tkl\~\\OOx\ƍfÆ\r\Oa\8\6m\d7|C\}~z\0#qmٲŵ\Ӈu\\ͮ}}}&\>\\\\\n\\J}6\\Yϼ>tu\t\1;\\Cu\:\}F\ah#\0Z\Y\\}}v\>z,=J\\\%]\\\FzN\\Pvkkr\\,X\ZicL<ٵ\L:5ʇnѢEf\ڵ_MMYjk\\\\n*++]+?}P\͛\Za&N\f\\Q:K,1===_]]illt:;;\\\\]+?HfϞ\Zab\3gF\\0,[̬^ڵ\khh0+Wt\s\nQ\ٜ9s\\r\\\\d?k\\g?A:\k\Xs\!t.vtn]pk\s)S\\+ ꄅRhݺuh---_[[Ybk\0;|\\O\I&ViӦÞ\\ŋMook\W[[k]+SQQ\Z)\\ϝ;׵\\:͘1#J]tYfk\W__\\\\8k\,\\nk\\򠬬\n\\\\Sߡ8T8\\\\Z~^Ԁ\r\0\0\0\0\\\Y\ӕ%`\r\0\0\0\0ةs\\\t\0\0\0\0%\/T\r\0\0\0\0(\|:]l\0\0\0\0@\\\\\\\"`\0\0\0\0J/8g-_N\0\0\0\0P2|9kBu\\0\0\0\0\\Y\\E\0\0\0\0_p\ZP.6\0\0\0\0ds\\\t\0\0\0\0%\/T\r\0\0\0\0(\|:]l\0\0\0\0@\\\\\\\"`\0\0\0\0J/8g-_N\0\0\0\0P2|9kBu\\0\0\0\0\\Y\\E\0\0\0\0_p\ZP\Z\Z̒%K\\+\\^3e\\\O/\\'t0\<\\HOn]+2SWW\Z555V~\֭3\'Nt0?S\\V~3g\4_yyvZZZ\\]+>3~x\\nk\\fӦMߜ9sL{{k\b\\n[\\\\Bm޼\nb\3\^\n\\ۡjjj\g-TWW\ڲey\\\\+L}6i\${\h\\"{	U__o-[\ZY\L6͵\S\\駟v0O=\틄:u\\\q.]jV\\\Z566ŋV~k׮5\'Ov\}\\'\\+̳\>k;¡f̘aV^\Z-_\\\ֺV~\\\f\\\̈́	\\+Lcژ1cLk\7k\,\\\\ZUTT*\ʯ\̛7ϵ\۸q7nk\ƎkWs皶6\\\\Sߡ8T+U\\ُ\Z\0\0\0\0\\|\9kBu\B\0\0\0\0;5_p\ZP.6\0\0\0\0ds\\\t\0\0\0\0%\/T\r\0\0\0\0(\|:]l\0\0\0\0@\\\\\\\"`\0\0\0\0J/8g-_N\0\0\0\0P2|9kBu\\0\0\0\0\\Y\\E\0\0\0\0_p\ZP.6\0\0\0\0ds\\\t\0\0\0\0%\/T\r\0\0\0\0(\|:]l\0\0\0\0@\\\\\\\"`\0\0\0\0J/8g-_N\0\0\0\0P2|9kBu\\0\0\0\0\\Y\ӵ\vSSY|k\v\Z3k\,\\Oc̘1f\رv3g\\\q***LCCk\\\\b-[\ZmذL>ݵ\<\\s\Oa&L`l\\Z͛7Ϭ^ڵ򫪪2\\\_{{Yxk\q\F3e\\\nkM4\l޼ٵ\[p\\\tjkkMMMk\\`\ʯ\nb\S\\R%K6\\O1}\Buww\\~(Ə\Zab\3f\\׻V~:w\ў\B\\:{\l\\O\z\cPDP\o\\\B5772\\oݺuf\̙:\\?k7n\;wYfk\WYYiV\\\ZKV~}}}fڴi&\1m\ĉf``\?\\\rM]]k\\\\a-Z\Zmڴi\\\&OlW(mm\М\\Sߡ8T8\\ҡZ>^Ԁ]E\\"b\$Fm\\Bi;k{\\挵b\3=P#m\|϶N}6XLXl$F>\iLF\>uLiL\\X,\\#\\\\b\\zL,\磔\\\\}\ƑK\㍼\\{O\<F֢N!]\LR=\\\\'\4e2Z\L^znњ6Gߗ0z=EV\"\0\0\0\0Gp\m\\MB\0\0\0\0\\6T\C\0\0\0\0W\ƕ\z(\\0\0\0\0\s۸R]\0\0\0\000\\qnW\`\0\0\0\0+\m\Ju=l\0\0\0\0pŹm\\\r\0\0\0\08+\\P\0\0\0\0\\q\n6\0\0\0\0``\\6T\C\0\0\0\0W\ƕ\z(\\0\0\0\0\s۸R]\0\0\0\000\\qnW\`\0\0\0\0+\m\Ju=l\0\0\0\0pŹm\\\r\0\0\0\08+\\|\\<\)\۷o\\ݻwkll,\)\\\R\\ڊS077tahh(Ny^~\\\Ç\ɜkbb\"\)\\\J\\؈S033t777\˗/q\Sj\>noo\njj*\)\\\Z\':\)\\\]\\S\Z_\\\8\9t\t\\5k?Pj͆;\\\\zv\\\\)ez\ҳU\\\\\4\_\ ڋ\\Z\\r-..\\\8\~o~~>N\...\\9~\\M\\~o||<\)\\\r\\܌S:\\fgg\\\\\\{?~,ߛ\\\qJ\Z\\\\N\\\8\\\W.~Y\F{=]k\B\L\\+\Rh\Pтe.FLe^//}9*U)\\\IU\$%6٢ND.= KܸKJV5ӍAůRk\\Km\\\H(\^J|֏k\Ě\.\ኮ\Q\|ͱ\A%>쑒k{vRk\ޡR{\\~[3a\p?\{Z3\=\~O\۔\:\=M\Q\6S\*Vu>\\VE\T8\0\0\0\0\\q6\n\0\0\0\0\\s۸R]\0\0\0\000\\qnW\`\0\0\0\0+\m\Ju=l\0\0\0\0pŹm\\\r\0\0\0\08+\\P\0\0\0\0\\q\n6\0\0\0\0``\\6T\C\0\0\0\0W\ƕ\z(\\0\0\0\0\s۸R]\0\0\0\000\\qnW\`\0\0\0\0+\m\Ju=l\0\0\0\0pŹm\\\r\0\0\0\08+\\P\0\0\0\0\\q\n6\0\0\0\0``\\6T\\\\n\\\Q\\܌S\\배t:X\\\q\399\9\\\e\mmm8;>>qJwss\\\\gll,~gjjs\Z^^qJ\\\\\\\4\)\\\]SRk633ӹ\Z]]\rgggqJvww\N\eee%N\tl㔧Ԛ\ҹK\\\\\\t\\5k?\APj\t\=;z\:<<\<\r]]]\\\8\Fjbb\"Ny\:z\\\\\M\;\J\\\\NNN\z\\\ކ8\)uO\sQE&\\\\qJ}\\L\~&\\_\\za~Hf\ꅺzR/Պ-\K]%JX\FK\lKlFu#)q\\[\\-%ͱN\\\iK\Z=\ri\_\\B/QԥԚ\FY\!Ubc61֍;n\%Z3C%:K|kD\5_\\TK5ӽć\"zv،\YV@\\Z\\Yg~	ڃh/K{\"\riV\\\\\c\p~\;蹨\c.=K|}C)\\U%\~*\\Lϡzn*\\\˵{UVr\W\\0\0\0\0<+\\)\U(\\0\0\0\04W\ƕ\z(\\0\0\0\0\s۸R]\0\0\0\000\\qnW\`\0\0\0\0+\m\Ju=l\0\0\0\0pŹm\\\r\0\0\0\08+\\P\0\0\0\0\\q\n6\0\0\0\0``\\6T\C\0\0\0\0W\ƕ\z(\\0\0\0\0\s۸R]\0\0\0\000\\qnW\`\0\0\0\0+\m\Ju=l\0\0\0\0pŹm\\\r\0\0\0\08+\\P\0\0\0\0\\qoV/..\\\Q\\\݅8\Z[[S\\\\͵noo\\8\)\\\e8<<S:4\\\qʳ\Zʳ\9s\\텛8;99	gggqJwuu\N\\V\Z\\\΍)\~S\\\Nr\\=\ұ\1*Ԛ\ҹK\\\\\\t\\5k?\APj\t\=;z\ҳLϴ\\z\K\z=\K\D{\\\ioK{4\\r\\^o\\\Wj׏{\\\Ueњ\ZʴKU\\\P>l%np:fff\Nchh(NyFFF:2\\\\\n&%6ٮ\)N\\\\8\\k*\\\X|n&%6,//\)q\Sj\\\ǋl\"c\$Kl$\^\r\\cTB5\9TbsD\\5Vb#\r\\z\\)O5ӽ\P\hذkT\\\:;;tz\\_\\\pg/K\W3G+\a_\\A.\\\\6\{%q>)\SS~\\-,,\\\\\---\)\Uq\Sj\\~J\\t|\7s\hk^\*\r\:\h\0\0\0\0੹\\6T\Ӧ`W`\0\0\0\0\\inW`\0\0\0\0+\m\\nu3l\0\0\0\0@pŹm\\n\r\0\0\0\08+\\P\0\0\0\0\q\n6\0\0\0\0` \\6P7C\0\0\0\0W\\\f(\\0\0\0\0\s۸B\\0\0\0\00\\qnW`\0\0\0\0+\m\\nu3l\0\0\0\0\Js۸2\B\0\0\0\0<{8+\.l\0\0\0\0\s۸2\B\0\0\0\0<k4?$LP\0\0\0\0Ϛ+\+\.mvr\\\\\\\\u\\\]\\\\\)\\\i\\u\z\}\˥\\K}uut:\\\\\\\\$~\\\sA亼\\\$nnn\\\mұfZ3\-ދ\S.J\!KtN\\\\ok\\s]3=J{\m\\ok&~[3\߻_?\J\GfS\v\y\\E\{К\uG\L*\[[[avv6N\tп~\Zt: /^SW^Q\r\r99\\\\\\F\\\\\\\8Ӄ\ӧOq\\\_ů\y\\\otts\Z\\\\qJ&\'\'\N7>\)O5{\\]\Fk||<\)\\\JX^^S:8ӱ\1*Ԛ\*\9s;\\\Z\Z\u||FFF\N\ׯ_\)O5sRg\\\v\\YgZ.#=csi\\\\\8\\D{\\\\ \\ͅ\\\8\~off&N\TԾ|t\$\\qʣ^5<<\\d\\\\nww7LMM\)\n\Ǐ㔧\=\\۷E>8\~\\\0N閖\\\\\\\\Dҩ\>NyJ\Oõ\\ޡYݣ\\ޡ*\\4~P\f]\^C\j\;8\0\0\0\0/\4tt+\*\ D%_\\ݢ?l`\0\0\0\0+\MHw+\.͂}_ɦ`\0\0\0\0+\MHw\}[ř?\0\0\0\0c\\4K\\W\_~~Ɓ~~.I\\)\\0\0\0\0\\rJ\\nƕ\*SlW	~~`\V`\0\0\0\0+\)qW	v=I\\տB!E?\\\?^`\0\0\0\0+\)qe\ŕkYT[Y.\q\\\\\Q\0\0\0\0}\Ը2\\,֊+\UT׷\\r\0\0\0\0\(ƕ\f\\VT+\\l\0\0\0\07\Jrj\\vq\ZqźJP\0\0\0\0ߔ+\9qe\ŕk\k^)\\0\0\0\0\\nrN\\k\r\0\0\0\0\K \\\n\)\\rM\0\0\0\0|+\.\\+XW`\0\0\0\0+\%\trb]\r\0\0\0\0\+\\ŕk\k^\\(\\\\0P\uJU\u\\\\\ӱ.\:\oǚ5\5_\c\\׬\\)\Z^GJkvR#^5_בRӏk\OǺ\\Hk\:\\\u\{\TKU+\JT-\\\\add$N鎏\˗/\N\ﾋS~sr~:\)\xX\\\\S044tggg᯿S\_\<?\SSw\ޅ8sssqJ>t\\\SRk\믿\\\8\\C\\ގSNr\\\t\S._~%NyJ\\9r\\\؈SεK\۷o\\\\s/*Ԛ\^}zz\Ztzv\kii)\)^S:m\\/\\\\EriOttttZ0<<t\'\'\'\ŋqJ\r\\8\\\;\\\o޼	qJ711\n}}=|5N\\\\ß<\i?sS\\߇\\\8\nqJ>}t\\~SRk\suur|/v\LU];{j\fźz\1\zE6\0\0\0\0\0m2\\:\2\&XWq\ZQ\r\0\0\0\0x2?F\\\Wb]W\\h`\0\0\0\0r%\J\}qź+\U\+\l\0\0\0\0@q?f\\/XWq\Zk\n6\0\0\0\0\Q\\qR]\\*l\0\0\0\0s\\)\\ntb]\\*l\0\0\0\0r\\)\\sR]+\J\\S\0\0\0\0E\TqW\\Ǖk\r\0\0\0\0x4\>U\\ynWbrrM\0\0\0\0\\n\S\\6qW6嚂\r\0\0\0\0xWx28+\U\\B\0\0\0\0\\n\S\\6qWP\0\0\0\0E-\sB]+\\<\\S\0\0\0\0+\\"8+\\R]MV(\\0\0\0\0\\\qm\\Ǖ\z(\\0\0\0\0,\~\\6P7\Ju=l\0\0\0\0@2WtE\\i~H\\\\z\[\䂽\Z\\\\\\\$~:N\t\0\\8\駟:/\۷o\\\a\MLL8[__\\\qJwvv^x<\}*ϯ\9s}\!\\\\)\\\tXXXS\\\\8\W\Z?#\\__\)\\ϟ\\\N\\\ͅ\\\8\\\\r>}S\\\)O5\9tqqt:777\N\\\\T\\}\\\\/\)O5{\e瞝kdd\ɵ\y\:::\<csi\g~	\:\\o޼	\\\qJ7>>VVV\nmm-\)\\\ix\\U\i\\?\)\\?\\\z\\]888S\\ɰtahh(N\\\\\\<\i\[S?8	\\\qJ|tWWW\\?S:]g\}\\+\~OP\{R/\\[i\P^iiEkC57u3\r辡\L\\zӹt\\\K\7\\B\\\\/w\fޏkv\|}x}O\\(\:ݯ\\۱f\\׏kV\f\ۚ\X3\\fz\rE:\'Z{}\\\Kul\u\5[t<]\:\\ݗ꿭^\!E6\0\0\0\0\pe\\\n\C\,\\\Ju=\\f(\\0\0\0\0qe\\\n\C\ʴ+\\P\0\0\0\0\\\SǕ\\iWI-\9l\0\0\0\0P\>e\\Y~h\\vqef`\0\0\0\0zr\)\\rJ\\vq\n6\0\0\0\0\A\\\}ʸW\\zR\n6\0\0\0\0ާ+\)q%[\\n\r\0\0\0\0xWz*(\\nq\f`\0\0\0\0r\\)\Jrj\\\WyHV\\`\0\0\0\0q\\)\Jrj\\\W](\\0\0\0\0\\\\}\ZW\+\\<\\+l\0\0\0\0`>v\\IN+\\ŕ\f\\V\\\,\l\0\0\0\0 >E\\QN+\\\\f\\V\\B\0\0\0\\\c\䜸}_\\vyhVk\n6\0\0\0\0<s\0?v\\IN+\\\\n`\0\0\0\0Zs1\Jrj\\\W]\\V\\\,\E\n\\\vS\\\0<<t:\_S7o\tv\\\pzz\Ztass3N\vww\\\l\]^^_\)\˗/\Wy޿\9\s\\\8[^^\\\qJ\\:|9NyJ\Ǐ;7\\\\\0N\VWW;ɥ\\K\\Çq\Sj\t\\\ʥsZ\v.]c\r\S:=߽{<\L\jݳs\١gH.=\\\\\,\)6`z无=\\"\'\\(\h[[[qJ\\\\\\\\"\r\r\)6\^So\v\\\\\)\\\R\\؈S033tWWW\˗/q\Sr\"kbb\"\)\\\JX[[S055t777\ӧOq\W^xa!\=Q{KUQN\\z5Kt4Kt]g\V\\\/\\4Ku=7\V`\,\\\7VjK\\(\\\\\@K\'.\\Z~Z3)QDd]|\E\iSK7)fz?f*%ʣ\KͱM{\\\\ʥsZ\v.]c\r\>\\\L\jݳs\١\~kgl~\;\Ӛ\\~OJ]\yWj\~\~\O\ӹ\_o\L\G5:u}\\^\[tլ\\-:GEcSt\"\0\0\0\0ϔ+Ws\J\}\\JuW멊5\0\0\0\0+WS\\n\}qE[\\\Juf`\0\0\0p%\JrN\\/Hw+\U\\B\0\0\0\\cŕ\Ը}_\\\WR]\0\0\0\0+WS\\nt\"\-XWq\n6\0\0\0\0 W+(ĕ\6qE[\\\Ju=l\0\0\0\0@?F\\QN+\m⊴+\\R]\0\0\0\0+ÏWS\\s\"\-T\\Ju=l\0\0\0\0@?F\\QN+\m\tR]+\\P\0\0\0`\02qe9%<\+\\ŕ\z\\\r\0\0\0\0ȕ\\qE95@\+\\ŕ\*P7C\0\0\0\\nq鸢W\ĕ\\uW`\0\0\0\0rt\\YN+Ͻ\\ntb]\\f(\\0\0\0\00\\!.WS\\nt\+XWqW\n6\0\0\0\0<c+ʩqW\\\WB݌+\\n\0\0\0\0)WK\唸\\&@\+\U\\nƕk%`8\n\\\qJS\\\΂\ZXXqJ\\8\)\\\MSU\kii)\)\\\v\\ۋS\Zt觧㔧ԚMMMunR\\\Y\\\8\{\{ʥccTB5\<4r\ֹKט\\aqq1N\tҽRk{\ٹ\\\\\\Q\\YgZ.=[\ͥg\\X\\uI̥=\FG\^-\]\\:\\\\)]?\\t\}$\\\V\\ߏS=\\K(uO씠\\\{\7h\\\4\)]}W/)\L(75ӹ\~0w3ݏ^/\mg\i\b]^E\Y\3]UUuR(}z\\\ԊNp-t.mJll\,Q t\/q\\\Sb$\r.\\QjK7\0\,siY\Qb$\L\\r\Vb3§MI.[$)fڰ\K\tu(}\K|{PĤԚ\^{v.=;J=\JR{=\KljE{\Er\*\AVC^\s\\\;\\\~_\Ӥ\\\{\71\{UN\n\f\-z.\wWO4\:\\Uqn\\t륺zv\\u\\\*\\0\0\0\0\\\cĕ\4s۸\+T\\Ju3\b]\0\0\0\0W#,ĕ\6qW\\\\f\\B\0\0\0gĕ\ǈ+\)q\M\\\W\qWP\0\0\0\qe1\\rJ\\ynW{ŕ\z\\vq\\n\0\0\0\0WKǕ唸\\&@\+\\2\-\\+l\0\0\0\0xf\\).WS\\s\+T7\ʴ+\\n\0\0\0\0WKƕ唸\\&@\+\͸2\\ʵB\0\0\0gƕ\\q9%@+\\\jW](\\0\0\0\00\0\\!.WS\\s\+P7\ʴ\0\0\0\0+ĥ\\rJ\\ynW\ĕ\z\\\\n6\0\0\0\0<s?F\\aN+\m\\ntR݌+\.l\0\0\0\0x\\\~W\\\^q\\j\n6\0\0\0\0<c?F\\YN+\m\JtB\\\nu\\݅\	\<\0\0\0\0IENDB`'),(2,'logo',_binary 'PNG\r\n\Z\n\0\0\0\rIHDR\0\0\0\\0\0\0n\0\0\0\0\0\0 cHRM\0\0z&\0\0\0\0\0\0\0\\0\0u0\0\0\`\0\0:\0\0pQ<\0\0\0gAMA\0\0a\0\0\0	pHYs\0\0\0\0\0\0\0IDATx^\_lU\\\\}\\6DEDPR\nTDPAQJQhA[hUM台AKaQL@p\P_$\Zָ11\n6\{]\\3wΙ3s\v~\eΙ93\\!  //\\͛\-]ԣ?	B:\\{Sz?AH7bA \@3q\m91\_|1~\\\Z\9\3*\\3GL?Cq\a\'\tpu\\G\͜9SrA\0RLB\ A1 bA *\\~}WW\7&ںuk\f?v\\\\ZwmI\\͛\u\\w;}\ل7宋Sww\W}}}\b\Zo̘1F\\+=$(\\?{mI\\r7\\fx\\\c4a\\W^9MIcǎe\\W_\mڴ\?C%\\\k\Ds\\\\\uҹdC%׽o߾3f\`\\M7݄\2(\}q\\\\t\}\\`xMP?\۶m[E;j\\\\ke\ӓO>ۻb\C=\]~\\p\˼w\y\5\"G\̀W\\q-[\*\\Qm>Dx^q}^z\Lq\Z\Z\Z\!\fcd\"<\Kl\\\\5\\\\粒s碸\lǞ={\ZL_oQ\'\}\Q̓\T___\U>\\\'|[ZZ\"\\=\Q\ͱle˖/R\rcc0͖ӦM˔p:\r\-\̅\\\쬪bϫ\I\Mw\\7բEbO\`0@eb\\4n\8\\'p~\a0øsꄆ\0Q<I5n>ڂ\j\ĉb̚5\r\\'\YԞ\ܹt)W^]\\'\..aa\8\\\\ŋ[,\T=m]zh0-\ED\\)P8p`vuu5{.\\v\w81˖8\cTF\.⢿&hPiґo/ppB|\\f\\/\\'|272C\Q7\\\\#]3\\%\\R\\\3v\\(P<\\3\9\5z\ho\ȑߨWΙP1rd\'c\h*<\c.rl̀/)gQ\zNE\8K뮻<b\ΝA\-0\E]\r\n8IZ1Ie\\\)S~}\eÃ\Ei1)\M{{I\\Ⓐ+ (\pq\t뭷zAK43 4)\kI/$.v\رN)\(\\\\\\\\˗/g\\	\pV\\ivd?pKNo\f\T\{\\9\+dɒX\;\\0\1\\O\QϴQͺ\U\lf̀q&&\\|\c\\o\\iҤI\\gN!\`Ŋl\Z\f\\Z\4\qq\&W_}\\n-p38N6lr\ԩ\w,\'dMMMy0-Qw\y\'?\!\W{˖-{Mr\?\܌\?;r\\\n;V\'\?t\P\rl\\\q\t\(L\0\Z\I0J\pәl---\{79\\n;s5\tv3\\\\\R\DQ65\Z*\ܜ$ͩ\\\tB\\___\^\\脍Z\NZ2\\\0\R3Knvm:\\\?΅\	\(I0׫駅V\o)\0o\>z(1f;\'\rf\0\>\W\͙~ꩧ2~\\B\w/0٤^\tuu\E(ڨS/q3\\@\b|\1K&O\P\m?bP%wNhY\\\\\%NYfjYjUV\'TJ_mI\0\ĥK\'|P\8\gc\0EaO9̀a7a:\r\\\g\J>h$\\d@zQ\Gn80\rܱ:\\n\W9\\\\\&N\'UIמ={~O}Q9š:\\$\H\0y\@Clذ\(\q\\w	>\4:\T[[dӦM+qx8\\(\:ؘX.\]\&\B\'*r\g\tr̀6d.:\n\\(xIT=Lrq鄶o\ͬf[X9.\\ޟgZ5\Թ\-Z.3\\\ӌ3~\<\w<\Ls\wB\Z\\006;+N\w\tnؒ\\\o\\5b&g\\r-˖-3_\h,\*Eh\\M6x0\\\c\w^\\KMPd\ZW(p;=r#]\\\\\6\/r\"7\t\)*m\kf\p饗z#F(:\?|\了\ŋ~tETMJ\0x\\\~B\&&\\Y\.&a\\ri.\\ǹo\֟\ŭ\IQ\Ф\\_d\k+ŉl\@\f\7\fG+\\ݻ\)\\\N\jy͞ctBd5qCkM\\D槟~(Xz\UGNx)x(\n5s\n}A\+\\i\d3m\\\\>\F5ӦM\\\\	M\\ۍ\C\pΥ\\n\\r\\e4\e?x\\;\\\\\\tL\\~:v\\Q\\\n\\P[[{ܤ\"\nh\\[#f8\~z/\3uug\e_L\7g&X\\ʴE	BG_\Z3ơ87y\~B7\x#\0rtfw.I\\XpE8\n.]j\`δ\0oLϥ(%3\:s	M\d\EfW\\N@S\\\rDVPLSq3\HlvbLBmqB̐#\f@K`%	\AZ΄3\Hֿ\֩I*Ҷ.b6霅$F+:b5J!W\\n}$\\H̐#f0].d36F̐#f0YMꆝƪ\B\^Tӕ\9\}OfϞ\\X\K`\8{Cn2w-¤weF\ng\qJ\n\uV+0\CfΜY ?aƭ aֳ\\nͧ,XͯԒX8\(d̀=|\\p\nbӢ[E?CQ\>g)e\\\\{gce\\\\RR\\SX\r\pڌ\*lMt\:\Ҁ+c\,\L3]\\ns΄3\H\u7}0Nݶw\2\\s\\\'Ե(\n_\9ReL17\r\-p\\\'\\hB!Gj̀2\fT\0C]c\rEE̐#5fr亅t²Z4eѹk\ZT1\w9J1CTA%r\wߝy\\b8\ظ\\=\K^BO?o\Z\9Rat\+\%D\'\")sǉM3+rC\A̐#fx)L9<1`^\\\\jkk\p:azl9Da\\\\'\Mԭ	k$p\_ao\\\n(J\9\$^`Eh6\\\xo\\q\\\޽{(x@B\#fB\ A1 bA \@`ifp՛f]\|\-5n((&a3\nOt]\o_k\\\\cc\pi|!0\Z_>\駟;t\\pLV8V\w.-S\0\\Q\\0\\\=\\E|\YX(\5k\{c\\0aq_\߶d\СgA6\\\t)\ΒfXjU&X\\\k\\ZX\$73k\\{\mۖY!c\ܹ\rB\n\b!rAC1\0~ӟ}ˮ]~?e\\2\n[$f\"\E΀\"\2mgs\"@p:AfPEfoLnooo?\K\\Ψ3\\?쩢Uf\\\\\b!r\\`\\\\ϼ̈[\\ر(\\6n\\8q\\1f\[n]f	Y\ D+3\^֑Xes\'k&\s\=\P瀉p<P\гȉ\YPr\\Y3`hWW\7\\ڵk\)~b!r\\/{\\\\\\ܜyEf\\\Ԋڑ5\$\<AEX3\<lW%\Z1	T\tX_\+k\̀^i\PaOs\h\\\\G\n.r\\ی\W^U\%\΂9\- V(\U\'{D	Q\3!fB\ Duu3pîm(\Z\V,[\cp2\Z\g(\\\T\\N\6\3BI@3!fB\ Al%^04$餿:Ml!!C\i\0\0\0\0IENDB`'),(3,'logosintexto',_binary 'PNG\r\n\Z\n\0\0\0\rIHDR\0\0\\0\0\0\0\0u\G\0\0\0 cHRM\0\0z&\0\0\0\0\0\0\0\\0\0u0\0\0\`\0\0:\0\0pQ<\0\0\0gAMA\0\0a\0\0\0	pHYs\0\0\0\0\0\0\0\IDATx^\ݽ$YZๆq\nt0XҶN2\CXf;+\% win\0!\p\Ɣ\v\\_DFDFd\\H4\Y]?\\9\r\0\0\0\0\0\0\0\0\0\0\0\0\0\0\0\0\0\0\0\0\0\0\0\0\0\0\0\0\0\0\0\0\0\0\0\0\0\0\0\0\0\0\0\0\0\0\0\0\0\0\0\0\0\0\0\0\0\0\0\0\0\0\O?\k/\0w۔\0=\ʻM1\0`/\\R~\0\ZV\\R*\0\\˻ח\o9\0l!+\1\\\7*\0\\\\_ޗ\kd\淿\\_\^_4}|(\)\0e\[\\~\\\NG\S\0K\ʶ\\Ͽ(\61+\0\J&\9+\6\`Y\\RyV\Y,dZ\\YQ_eu\0XYV1K\C\0+\\nf\\\\\08#ξ\\eu\0XBVf\YbY]LYQ\L\|N\\\g˳\J\t\0x\\YAF\X>\eu\0(+\H\+S\\\\00RV5eβz\\0xY֬}Z.]\ˊ&+\-2uY\\Z\0g@7\GO)\\\=o`_Sv3\)\4}lqۘLn\\0]6\\M\[d\\d\l\&\0G\r\K\\\)\\rlcٶwSv\\%S\p}\\ns^v\\R\0}\\k^v#\\nb\/%\HwY>{}y\?\<\!d\ϊrJ_/K\Ri#\q%p\\0\&\ڵ\x\~\\\\<\r\\7E>==-\9\\\/\0\\\ہZ\\\E\&\V\5Gm(J\&]Jg	moM\G8lஉ\\\19\\ٶFb=b8ew\֛b6~\϶3\\rl{ʵ\S\0{\r\5s\\\\\l#{9s~\!`;2\f,G+lj;zrX\0أlஹu9Rg\\\\\lkʡ`oAfe\#xM5g[>\\H$\04A;\\s\%mK͙g\5\n:,	\\[>R\\ޖkm\\\_\26\*#K\\\\\g\\\\ݥs\r\\rm\0\r\5K\\V3([;K\\\^\0(kڛbI9\#\ߑ()ewmv\Dy?\\y8\\\Ky\\0lD\r͚k\gb\9(\Z\\\m\>d\\:җ\\`+\\HY򆽣e7U\e\Q^Y=B\RA\\\ɜx7\%=d\\\\ݤ\M\X-vEp\\0D\l^W7\\ԛ鲴\\\c\suY\q\\+r\ޭb|\\S.D\/1+//5\0\r\\^\'Sf\c\K\0K\ۚ\k\\<\Φ\\\^\'\Yw\\\\$^s˼\\0U6\\\\0\r\CB\&O%ʵ=Q\q]\"\|S\0\ؚ\\S\\f\Y\\\-\\\`lpĬ9k_/KX7s|\s\\#f\\\\\\֬{\~-\\`lPR\\ȟ\Ǻ[\Scn\\ħ\~\{\~\\zꦼ*Tkyn\]2c{\M\o0R^\0L\r(l0l\%\\\\i\R`l@\\=5\n|tg{uw3^^\0L\rKA/#,gi\R`l0Yf~[d\M\ݔ#\0ceiM6\>?Q\\9ʬ&\\\My90V6F\(Y>/\\\8vG+\\7²5\\\\і\k|`ـ\Z;(\\%\3sdjd鏐Etw\q\~\i߄d)/C\0\Ո\&GYMw_)/A\0\\\n}\9\\jmb\d)/G\0\ѡ\\0T+\\zw7,(H\d\"W\y\Vޖ\\rS\r˲:myq\s\\HyI0V6\\\\\\n\\\k\;M\sGKOY\KAuN\\t\\7\\\;\2\\\0;%Sg\\\0=\.1\\0U6\N\\\x\殳w\\9emMl\\m|(\\\my\\kw\e)/7\0\rZ10\k\\V\g.o׽6\r`lby-\\I-\}\\gL9j\}\Kyl\M\\\zݻͣ\\Mk\0\\Ȕy~~~\\.\c\\kSg\Scn~Y\9~\/Kyl\L)\(\n\\SOyY\9f\Gۏ|*\7\1Kyl\\\.Fe?st\lz\\Hyyl\]\\\gHg,\z\P\K5epd\\\H6G\(\׿w{Y/\%Z\\K[p1\~樉}Ҏ}{\򎔗\0k\޾Č9\)ԧ\\\\ue!r\n\x\r\0XC6\ɭEޖٖϕ\X]6NI,}\)\\\\\\8\/\}Jyil\0\ξ\7%g[UP\\0;\r\s2\\\}\~\Q\\0\r\c3ڻ\2Km\Iylp\ԏV\ڂ;\\\\\@:Rw(\\n.G\.\9\[y\B6@\Ġ\y|hIwgoH\\q\P\\et;2\Вx{\Y{oH7\0\\HV1\ǟGX-\\\>\\8leW\ٮ{\\rIDyT6XGn93\T\z\Z0\R`O;r\,}g-gi=GC)/\0\&#̜k\a\\\Yʻo(\%\dv\-׭\\8z\ׇ\\f$Ү&D\0؛lЮ\:o{8{(9\Mk\\;K\\4g^~W-3ܴ\Qy؇w/\ߦw\.wq5{|<??^.\%oB\Z\2\\_\/\\\My\07\\W\D*7x\\\Sح׽\X\o$\~D✍=\\%e\\\R\\h]=\M_\u\/7\]Kyy\0g\\0>%׊\\^\'s/[\\%d\bG-\|ϹoW8l0(\<\"G,\v\|h\\_\pbـ^\~\\\\-5ob[:\MǑ{\}\2\0\hA=R\+^+\\\\\n<\\ט\\X=P\\0\'\r\5\R\+\j!a)]:zS\\\Y1\0\0G\r쑾㘑\k\zU\\\S\a[{y~\0*\#K\>R\u rs\\r\@fhI|j\r\\Ct޾\J9\\0]6\G)t\^\J9\\0U6w\-\%g\K\K\\\d{_.\vyzo~ĥ\\f\\r\ /d\\t\f5\r\c3\%\nw\tP6ȏI\Po-\=~]8\\yf\Z\)\,~Ln]R峧?\ҹ\\\0.\\\\B?\ҹ\\\]j%4\\/v\|\Jl\\l\v\\mP\ޮ5\R\\ҹ\\0,kX4o\\ƺ\g\\Y\\\l;\\>L\\ޭ?&\pvY	De\\l|\\\\\ݾ\	#Ȋ\\~\z\\*XʍaKq\\1\\\]K\\9\e\[\H=\-iW=\X۔\	\\ e\\\\-ig\\\\sڏp\kk\%O\\?S	\A3\1i\\v;b&\VߠM9\0<\"k\ȵk\{\&Ky\++5gߵ\^\બ\"k\^\\\t\]\_K9\0<j\*4\Zk^*v9(\\\r5n\{\\lWּT06\QrY\+D\\\zs[{qMy0ZV5ʵ-\;Ruۢ-+g\\\f=;7\0d%Qt\ں#{ؘ\`$Yh\\2\\k\\Q\\0LE$fQ2YM{\\Z7\\Iݞ-\ھ\K9]\00<r%~\Rz;\\\5\[ߜ\\\rdYYD\\\\\\];\\\\r\-oLn\`,j\\m\\Y\KYŹ\ѵS\0?\\n#Z-9׊\67\'u_zCQ\P\ieQݍ\ޭ=e}\x#۳\\X\&\0YV5C3\Z|S\\6ng[|l}Cӗr\0\KYi\ͮ\,\߻\\֫c\;RN\0,+k\<u\f\;[\yqn(\4ҨS\S\\\\a\\k\8`4jƖZEF!e״9\کo&}i\rd\QO\\[f7\Ro\\sݻ\0ZV5Sk!}xy\w\g\\\-z\\\\Ʀ-\l?x\s\8V/\\~ގ6\\\0@.+Ȝr(?\}<~\ճD>==M]\\\\%/\?\ݦ\Z\0\u͜\%\\2\c\N\\s׽IV5sf\5\,u[Zs\,v\֕i/\\\0@.+[f\L;\nԽ3K}\\k.\\Z\0\e\QDɶ%\\5\Mt\^	ȎIrj\0_V 5K]3\{_g\K]޿\oRN\r\0\\\\ig\\uo\0HMV@gȖK\{p@j\<\j\\G\\0YV5\.{\\9\0HM\:z,phYԜu\\΀ｏ\?K9-\00,+{.+\3\\#c\0,\"+޸\W\\r\"y\{\\\0\,+6g}\\\u\H95\0\89\\-\{~}s\0f\J/\,{eˏ\\vSN\0|)+\3\\ޫ{0YV}b;\\;\^\\G\|U*\0eeї\'=:Cb\\~\\rneEї3Ϻ#>\\r\e%13Ϻ#\Mk>\\r\d1Ϻ#[޴\\\\0ʊ\Z-#???^.\\sDyxy\\\\\G;\\K9}\0<~|µĒ\ǖʚ\Qg\Q\q\\\i\\\\\0BGX.\\\\uo\0\Y\\\	e06g˻y_\iଲlH̲9k.oߴ\ಁlb\Qsٺ\\\\RN/\0g\rc3\G,\\`S\-Tަ[\.\Se_\KX#\\\[|D.;\\\6\w\\\\m\ś\\r`?\gd%\\Q\\0(\\\V\Fy\QV\0{\Y{Mw\|˯U\\0|@͵-\\\8\>\\\\\rgY	\d%\(v̴\\bQ\\0|!+HFV$gO\Ѭ-g\\\rW2<\\yw<s\\)o\0RY!D\\\V\;HeP\\\^\\a\![\\RN#\0(+\Y<\+iw\w/\\3\\B\0QV\\,E\j\R\\\rhY9ҋe\(#yvswfooNb{\\RN\0,+kR\ųe\\\6Ķv$\\\i\d+Y\)\\3TmjGY\\mK}M[bퟷ-\kE\f\R\\0̖F$J2J-H\\\\\\\\"/\^_޿M릾ie\n\P_/K\Rɞ#aY\i/eQE\OM\\\\\o\=\ģ\\\~\wԒE\7\ݏ5\>Gl\\Yw\"\0\e\Qe\-9\jSK},GO\cv|RN\r\0\\\nM\L\\\%V\r\ڗrZ\0ຬH\(\\Ջ\X\\n\0/+n\ϺĽd^/\0ˊ	+\f\\\\2\&H9\\0pd\u]\O\0#\2\\#\r`YY\%fQhg/\\\9\rx`=YI\\\\V?ߝ\\]&\ױ)\0\\'+)Bbm\E휻,B\0\FVNK~MjMh(n?\Mj\yj\X#\\\/S\0\OV\\rX\0\2{\\0\0Ǖ\Sv\0\)+\\n\0<$\y\0\0\0\0\0\0\0\0\0\0\0\0\0\0\0\0\0\0\0\0\0\0\0\0\0\0\0\0\0\0\0\0\0\0\0\0\0\0\0\0\0\0\0\0\0\0\0\0\0\0\0\0\0\0\0\0\0\0|\\\\ʣ}\@\0\0\0\0IENDB`'),(4,'13123',_binary 'PNG\r\n\Z\n\0\0\0\rIHDR\0\0\\0\0`\0\0\0@\0\0\0sRGB\0\\\0\0\0gAMA\0\0a\0\0*bIDATx^\\O%ɝ\q}Z|\ؠ\\maP!<\r\\\Yi\rFi5G\+P\\\ZOՍRT\/3~]|\:\'3\"#2\Ɉ\{\}\k_{\0\0\!\\0!\0q\0\0E\00(B\0A\\0\0\0`P8\0\0\"\\0!\0q\0\0\$\\\~7?2(Ï2(Ï2(\Oe4	qUv\B~\G~\G~\2XN\0`P8\0\0\"\\0!\0q\0\0E\00(B\0A\\0\0\0`P8\0\0\"\\0!\0q\0\0E\00(B\0A\\0\0\0`P8\}\_\\O~\\\\O\u8C\O\\wO\\{\6\0l8\,x\\\DN8Cx<\\	r\\\I\Xb\\\0R[]%v\$\\\~7?2(Ï2ehi\\nf^~\\\ˏ^\;}\G~G\$\U\\\f~VeQey\\\\:_\o\\s?\\;\4\W韼K\\9,<Ѐ\9^\\\\<G3}4g\B@uetw\x묜\qU8<\\\nyk[\\,>8j<\\\nhk\K\!\Z\,$`Yb\\\0\4\a\\0\\\=\\kXb\E\"\F\Yxj\\Ȭ3!\\`B3\;h%v\\!`7AYEK\[%v̀[\yx\\s\KTwf\!`7+K\K.kf\!`\\p-w[۵uY9FC\E3X+\\\l]b\\rv\\\\s.k;k@Oq`\'\r\a6Y(\f3\\r\\\[\\ZE\0q`K\f\nt\\Y\\[\u\\n\	\\Y\[\\R$\\W9zDN\n\\k\+Uf\r!\\rt\\\\%\\Bph\g{\ni\X]Or\\c9zCI!1Ҭ<\6\6=*Y^\'\\BX[.n\e\\\\n;k^,\\E<O\\\\YvgEֿ\\\O^~\[fQ\[⨶Z;]\\\\\"ȏ>V(\\2*~\\\j?\\K\\</\wr\~\[\\Z_ߋw\c\6[\wt|5V\:\ɽ\x\q\F~Gr:\"\B{k%\nsm\\IɌ\HU^j[S;ȁq`\\Zc[6\̭Y\,qk\x|\2ra\mrwV\یo\\\fD \u\#āܒ\4-\XVm\O\vk \\ w\A\Ì/>[y\C.J_pxB\93,TU\\<sv\\zq3\=\Hr\\v3\\\\Hq\#\\NA~ƒ\ٖ\S\\\\qBp\Y\7ȏ\n\\}A\6\\EDf\8\n!8r\\,\zf\nQ\r?Ѫxn$b*Ǫ\lr}3\\\!\\r޵U\\%+o\rW\n.\J\C\:Z\"ā\\)O\1\\`\UV)p,B(\%\x;,k+\J/7?>\cf\\ϫ\\B(\;3\w4n4ןc\\=\1Xmt\nbO?/a5\{\Y(\7V\n\Jc,!ā\rz6\ n/j?\\Q6\l\\%˻\B\\\\5\	\8Q:\F\ӬYa \nbuW\9,}[\U۩\k>Bب%uҥ\G	\nZs\~6\a9\nd\\\q\\H\\ZЭA6?/to\\9zꗸ\\\\\\97\\w\q`tOi[9\P&1S\֠\<?\\[\c!ā\r5Vk\,P#\\j9\Py%a;k?&!x<\\Y-\G~2\[*7\\\}ԗ\ǧ_~\[;\Q\i=\s\h\\v3?2(\\SFX\^`Jck\\y_\\\\2{|NY\\\~3r:P(\<\\f!uqms7^g\\,*\\p-8P\\ZP\Vx]\n\xv\\5\{\qB(\ր\Z\~\\'\\8N\խmp-8P \\@\1\\%wsBr\)k\L\3\\y*{sB^\$ķS\}3\\;\=\8\nIo\FpQ\1Xj1\@\̈/\h:[\=\!ā\`\Z]B\O6C\хY8Bp\\r-VB\\'}v7Fd	p8Bf\r\3JB<o\\b\X#FBzip=C\"\ש\CFp\\(r E\sIYo0\'ė\\;ߐ,a!<\ZaN\fp\2ǉq\s/\r{x	\w\>\\Ի\SQ\r\@\̨\f\ L\/p\\\Ǵet,!ā{\S[bB4G-\p58B\CXl\\x<\[_\,n\Y<=%/\ \\Z3\!~\\XXc@c5\S\`晩[]s\\\\?S\\%Q\[\1BpZxCȮf-0Z\\\\५6&Bp\(p\s\𹶍\\BJ4\*>53ݴ-Bp\xL=3\\}m\\rI?n~VeQ\Z[B\Rr\ҁ}\|\㰨\ooɞڊ2|TFW\oY-\G~ke\\n\\o0>O?f\ǒ\\\1Zt\{Vmfi+\\S,N!P-{fPK\\י>۱\\f\cCNg\\c1\;\r9+-@@Nk!\\ų\0-nz0{{~LZ;BXXˡ%\qiq6{\x\\\\r\!āk3\T\\\9q\\F\Ψtl\n/n\\\"\\eB_e\\\K\\\\l\|\\\ \5\z\\r\8f[J\'_#Q!y\\Սc\!Q!\3۽Jg\\\\\VJ|\nZA.\ \\3=Wpv\\Y\UI\v\>\-{*tj\'T^,~|LW\\?\08Q2X\7]\n3,^\@F<\♩\BL35\@F}G\}\\|my|Ʒ\6\m\\@\l\\'BXuLr\Z\ky\\,\\hV\n+x]r!Aƛ!\+BX \ \k\}\\| #\3BX\;]J/\3Ìu\\╅^b\q`A\yYW<>\\"ϞՉ\Vab8\Brtf\q;\\\\y98\D-ƳK˞\\a^x\\{lcƸq \*\\y\/\[b\\J|\\\q\7\r\[f㡜\_\07Ël\ǒ\0\\\$\\\~7?2(\G\W/?yz\G\\K4\\\\R[nDB[#Ϋ?\fZ/נe&!\n7\Z(Ï2\\\\\\0\֠\@\\\_Ƌ!޲\spէ\\'\wji}^\J|\\rנeӁgZn/m\\ò\/Ep\wFnF<}>_\C<~n\]y\Y\@V<jǿl\ >\8\k!/l%ą\0\q b\r\1\\Z\0 ib[m\\c\\\\<p\YC\h.\\f٣x:1\a\"H7W\0!<\$\rf})\\^\n8\l/^F_1\\\Y9	\\e\0zDeiY3\x?\faƿϞc)\C\W\0Bx\\Rs:J\m2Z\\nB=k`-\#/\n\b\"12B\^z=c!\G]F\\eLߵ\\\(DN\n=C\Q\	p\\!K)}[YjmT\[\ue]u.	p~3!\q)ᥲ\na\s0e=^\\P[FE\Rxi\\\h\\>ңǥ)\T\y\i\p䨝	p̊\\>O\]^\S^\\0\\q\\RIX\y\^^\Zi\\]kLq\\B\\ZKl]vAu\e\\\V=	p\]8.\\\\\\[g\!{^F/}vB\rrPp侷%ĵﰽ\\p\\GJ\\߷\̊ǥ\3\%\wזp_ߝ\\\uYR\8ǥXKtVeɶ\V,qr\78I?n~VeQ\kY\YBB3C\~\髗\V\\V}\h^~ћj\"p}Q\Qe4	qUv\B~\ZX\^@ku\\r\\8ªk}\բҕ\\j=\\\\`9\oa{\\\\\G\\\t\QGl\\n0B֬\\@>\#z8Ͽ? \1g\!\._\\K=b8!\\f\-C-.\\0_f\%\\|G\\"\15\,U8\y\4\ra\\A	O8\\Κ\~vp\m\\Wi[\0\\Z!iy¢ů\۠\JUg8u\,<f\g\{\GcJ=3M\\q}Ξ\@8\lR;\>\o.q}ϏB\\NIh\\n\5\G\0;>%}q\qL\'Tf\\?{o\\>g\lծp`BS\\^\=\\qyQ|S\eh\T<\\\va\\h\MŞ~\J0BӈlI|8e\^3\\̛\n\KB\FX_b[-\\,\\7(\XϺmCu\B`K㷸K\{n*\\\C\\Bnaے%\\f\\)\<ʐ^\!\yp\f\[\\~{*@\!\14O\¹tI=i>?Z	9+$վ=ng\0#\1\@!\z\\w{2\Mthǰ<po٤B\<C\ss\Z8c\}\0\!\1,\,\\\\]R?34S\\(\aY<O\\\𛱌p	\\\'Og\2\\\f\:Ζuz\Go\*yQpɌ\n+\7SMB\\\n\gPߌe\^\2S\6\n\7jU8\l\\\\՟S[\\2\\\ne\T\\N<#^e7^\l\\\\\=\\gp8f\K\\þ5\AזTP+\\}c\\!\3\%{B$޿B2C\\\\\\jq\3֍B?F8:,6I\\F\\\'Hj=U`*4\ey8,\\y\\E|\Du\\\0q3y)792,=\.\\\0WCc\\v38s\\\\rB\\,\\<?k\\dֶ\0A{!Ė\$,XCkq-ь\\vt/ϼG<Yg\\}\'~\!ny\\\%\#\3\#\\\~\\\'g]\=\׼\!(H<\c~\\q2/8\}\\C\et?8N\Y\,05L\ =rɚet`\\8N_¼fS8WtSe֕`t8N\\GjƟ	g\G2xV@~6ǡ/n.\\\\>\wZ\ת\#\q\\S߈\'y\sp`8ӌo\\̳o\\y\G3\n\-K\2\#m±\\\\'G\	68\޳Ͼ\\\<4T#\خI?n~VeUƟٷ6\ogh+\W/?yz\GM\:x\\{5CeQ\Qe4	qUv\B~\г\\\\3\\\\j\G<_S\|sW(Ï2*\tl\\\nK\A\ZG7\9\(\޳dh?\g4Bl@8B[~=e\\Sg߮\"̆\*\r\֠_Ja@ʘ\\\Z!E\X\+\\\\\0B&o,Q8\\u7J\\"0>B\HC\\ci\޾\E6`8\\^)ms\\-\3~|N\\Ɂ\\rBo)_y\<|\\r\r\\!xf\W\b\6\nR\{y\B\-\# \rγ\\\%Rq\*S\Z|~每\8?J̉\tfr\љ\\\rp}\\qa@\\\*4\֌;řo\8\'\q\\ળ9\Ƕ\^&8^Ʌ\ӥs癳o!\q{팟{>\;\\o!q\\#3+\[w+֒B\\5\u\\zƝcέ\p\zq!\LP3\Y\\\\b\n{	o)\r\\+\#B[.ݠ>V=-8p]8\X\n{wϙrU\e-E\~\\n6Bo(ԬB8*d^ֶqЇ\\\6\>\\\X\z\rnQJ\\ߵ\\:\\x\\\gPRA\ZXawO\w\a\W/?yz\G\gp\?\Cmhǒ\\_\\݃2(\\2*~\\\j2r!Kˈ^a\\kп\o\:\\\C\\qXǻdbW[Qe\T\\x\\n\ڶ,??\j\5\\\k\"\\g\\rb\f)EH\x\,A^.\ށE7U8\0!\|\\\\\6i\n\\0I\\\r\LѦv)}q-M\\XT\Y#\\\[\[\Y!UA.W\\\A7\\!-A.Q*ft\\Yw\Y>P\\ Rڇj\PW\\:-?&fa\\r`+Bn\n\=AS+C\\C\UT\Z\ӱ[u\0\0/B\\\\so|TT@\V=ZQ}f\\0\869+\n\8ݬ\-q\B\i\MxhG\<es\0-\Jag\W\rtf\\0D+s\\0\B\0!\Û\V(\La-,\!S)\E~T֏\\\\\*_\χ^\nk@q\0\0E\00(B\0A\\0\0\0`PMB\x<\\w\Z(Ï2(Ï2(Ï2TFW\oY-\G~\G~\G~*\t\0\0E\00(B\0A\\0\0\0`P8\0\0\"\\0!\0q\0\0E\00(B\0A\\0\0\0`P8\0\0\"\\0!\0q\0\0E\00(B\0A\\0\0\0`P8\0\0\"\\0T<O\\\\?\\?\\?\$\U\\\f~VeQeQeQ\`9\0A\\0\0\0`P8\0\0\"\\\\{\\\/m#:%Ŀ\o>}\{\{~\\\\g\hڿUv\֢N5\\깵\\Nk\xF[}\z\Y}Ku\\~W\o\Wߖ\\˘\\m\\Qǁ\B<Ⱥhg\e:\\O/\\is\\rpZS\\\C\U#Y}ZJז\c\~V}j:\\Z\uyU\om߳\1o\qi\*}\/i\x:\'su<ʞ\E\\\\1\>)\q\\\\@?{p	4X\K\z\#\\р\\Elx{\\ծU\R\\ޱc\\oo֎s\\1\6a\*\{(U)B\\\\^-o\R#\{=\\[PY:{=\֬y:W\Y<U\T/+k\\ru:˖\p1\\H!tx}\E\V}Sx=:\=\m\\;\QN\ן\i\kF\nqmiU	\\/@\)BB\\\oա\(Pr\\\G}X7*3\\^\Z\{.@4\\\w̪w\\V\G_vꐪu.*m\\Q\ZHU\Wתl9Jv\r\\%۷>O۹%ϱm\U^\\f\9>QYeFbB|\]ZmṉK\B\\\\ԞV}x.\kߦ<k\Zt\{\T<\\\99n\Ԯ\c\\}Xry\u k9^X\Ŭ\eq +\=wv\\!\ϻ(\\t\\\97Fps\hI\V7VbK\Z\:&\\r\͍G\\\\FI\b-C\*/6\8\\2hyb\ck9pԖ\ֳ\\ͪC,wS\\m\ss\Y\"\\fku-z2\q\!;\;hB_\		k^\\\iߵ\\3}znN\S/BmVyV!>\8\\F#.@aK\\\\\\\B\xk}m}?vVx\7\9L\*/vV66gɩ\\#\	\%>U=\z\[\\P\eA\#w\\\ Bmgh\@jS[\r;QqB|I\\ \\\Z\\&\vGɅ\\!\\fk\2W\!>28\g^Kr!~\\sn1n5S\;zˍ7\Vy3Cq\\]|bm\\\C\ЪG\W9V1\rjG\g\\\:\x,\Z\J!n\#\\Zʋ*\;ϭ\{W\;9]|\\\~\\\h\_|\\\\\\i\Ĩ\?\Ӈ~h~&qό\\\\X\{l9\@*j#\d?JYu\\%wT\0\,7\:\U\R\1\cIP;\smU\\\\VyО-<=߬\\J\vN5\Z@p\\\k	equ\g}\\\i\\*.\i\~zX\\Kl9<W,\[\\qA{\\Q\G]?\ͺ{C\H\\k\+\cΫp\\*7v]lOX\\B{\\tlq\2\qUqǕ밴\X\Z>\wZ˴x<Kn`A^GQ_\\\\rQrt\\\\u\\\aO\\õi\rMx\8ksQ\\{fb-;\r\\ɩc\K\\r\\\GKs\h!̭.\1ĭz\q{[9\u\\rmZe\ZgOeH\oV$fm\!^R:iDy\\CpF\U^V}-BȪGli`&\\=Fp}Ze.јץ\X\^ǁ=\.!,׹=\Z\\\\z^V}SU\ocɍxGUn\\ǁ!l\\:gJ\\,\ZˋG\\5\M\\\\\'ďUv\^ǁ-AN?=\E\'\\\\\=\\!^\nkAL\\GX\ǎq	\sOa?#\.%5CKoA\[\t\Qk\R=\}~-mr$\\;2ŪC\\FR\CGֱJC\\L^\.\6\{\\\^sk@\l\;G\\rDRmfmwO\;ֶA\!sMe\\mͪG,מGR]j9\g!\;8ޓ3ީ?<7Vk\6J{\\\\r\rVb\vC\\\\Y7HV}b:g\f\\o\[\gx\\s\\u\\01\@=z{ܱ}\\=\\VbWq\\\\}s[!l\\\"\TtL\'\\\\v#\nV\km>}{F\\&w쫅\\[{\\\4ĵO\\Zmõ\K8Zu]%ĥ\\\!ğ\5\,r3\r\v(SĩC|\\òwU\\x\SPcV?\Ʀ\\c Zu])\s}ӟ\\\B?#\	\#\γ\B\\\Ŗ\\\-\\p\\֖ /\z\\?я~dng!ğ\J8\K\\\\\w99#z<S3\%wB?Y:U\ؕB<w-\Z\:ik%}Y\8!^\\j\`m`/\r\\Z\K]s[#v\y繱\֩v5w\\־f\-v\\\/Y۵AŪG\\.PqB|/OhdI@u){p\c\oQܪW\*!kOXۥqB%o@\rdx\E\_ \!A\u\*\E\InaN+\|\7ano!ğ\s\L%oCϭ\\\=\m\:NkkT\5Y\,)	ޖ!.:o(:޳\ҪOetΜd(\\ZB!>_\\r\.\\\v˝{(Zx%ȷ\\0\a\%\*\gR3B?\5ĥ4\?*\eKkk_X\\\rF\g\\}\\\\\\i\\\\-\An#ķg3B?\9\EU:lM\UqQ\VyK\nr\\\C|\yF?#\	\\\!\\{3B\\\Un\!\FQ\\x\\\l_S(e\\O?:ɏl+\`o\r-o\筨O?Ԭ\\?J\t\\q:\k\N\v\\+\q\tO[e\Bٵ\+k8㼲\\V[5	qu\v{gB-C\\\\gs?ς!\\qĬ7\'\\\B8|ᇛڪ$\{\->\_\W\\\Vxq[\U\OE\\sX(\ye-\`pڪ8\5PkI!n\#fm\emԾ\zkǚ\QtX\r$\Y.|/u|q0\\\Z\~~\nZi\\#\\UVE2\8*\nq\0\׿\W>\b\\\\'0\"B\0A\\0\0\0`P8\0\0\"\\0!\0q\0\0E\00(B\0A\\0\0\0`H_{\)O\0\0\0\0IENDB`'),(5,'imagen6112022',_binary 'PNG\r\n\Z\n\0\0\0\rIHDR\0\0\\0\0`\0\0\0@\0\0\0sRGB\0\\\0\0\0gAMA\0\0a\0\0*bIDATx^\\O%ɝ\q}Z|\ؠ\\maP!<\r\\\Yi\rFi5G\+P\\\ZOՍRT\/3~]|\:\'3\"#2\Ɉ\{\}\k_{\0\0\!\\0!\0q\0\0E\00(B\0A\\0\0\0`P8\0\0\"\\0!\0q\0\0\$\\\~7?2(Ï2(Ï2(\Oe4	qUv\B~\G~\G~\2XN\0`P8\0\0\"\\0!\0q\0\0E\00(B\0A\\0\0\0`P8\0\0\"\\0!\0q\0\0E\00(B\0A\\0\0\0`P8\}\_\\O~\\\\O\u8C\O\\wO\\{\6\0l8\,x\\\DN8Cx<\\	r\\\I\Xb\\\0R[]%v\$\\\~7?2(Ï2ehi\\nf^~\\\ˏ^\;}\G~G\$\U\\\f~VeQey\\\\:_\o\\s?\\;\4\W韼K\\9,<Ѐ\9^\\\\<G3}4g\B@uetw\x묜\qU8<\\\nyk[\\,>8j<\\\nhk\K\!\Z\,$`Yb\\\0\4\a\\0\\\=\\kXb\E\"\F\Yxj\\Ȭ3!\\`B3\;h%v\\!`7AYEK\[%v̀[\yx\\s\KTwf\!`7+K\K.kf\!`\\p-w[۵uY9FC\E3X+\\\l]b\\rv\\\\s.k;k@Oq`\'\r\a6Y(\f3\\r\\\[\\ZE\0q`K\f\nt\\Y\\[\u\\n\	\\Y\[\\R$\\W9zDN\n\\k\+Uf\r!\\rt\\\\%\\Bph\g{\ni\X]Or\\c9zCI!1Ҭ<\6\6=*Y^\'\\BX[.n\e\\\\n;k^,\\E<O\\\\YvgEֿ\\\O^~\[fQ\[⨶Z;]\\\\\"ȏ>V(\\2*~\\\j?\\K\\</\wr\~\[\\Z_ߋw\c\6[\wt|5V\:\ɽ\x\q\F~Gr:\"\B{k%\nsm\\IɌ\HU^j[S;ȁq`\\Zc[6\̭Y\,qk\x|\2ra\mrwV\یo\\\fD \u\#āܒ\4-\XVm\O\vk \\ w\A\Ì/>[y\C.J_pxB\93,TU\\<sv\\zq3\=\Hr\\v3\\\\Hq\#\\NA~ƒ\ٖ\S\\\\qBp\Y\7ȏ\n\\}A\6\\EDf\8\n!8r\\,\zf\nQ\r?Ѫxn$b*Ǫ\lr}3\\\!\\r޵U\\%+o\rW\n.\J\C\:Z\"ā\\)O\1\\`\UV)p,B(\%\x;,k+\J/7?>\cf\\ϫ\\B(\;3\w4n4ןc\\=\1Xmt\nbO?/a5\{\Y(\7V\n\Jc,!ā\rz6\ n/j?\\Q6\l\\%˻\B\\\\5\	\8Q:\F\ӬYa \nbuW\9,}[\U۩\k>Bب%uҥ\G	\nZs\~6\a9\nd\\\q\\H\\ZЭA6?/to\\9zꗸ\\\\\\97\\w\q`tOi[9\P&1S\֠\<?\\[\c!ā\r5Vk\,P#\\j9\Py%a;k?&!x<\\Y-\G~2\[*7\\\}ԗ\ǧ_~\[;\Q\i=\s\h\\v3?2(\\SFX\^`Jck\\y_\\\\2{|NY\\\~3r:P(\<\\f!uqms7^g\\,*\\p-8P\\ZP\Vx]\n\xv\\5\{\qB(\ր\Z\~\\'\\8N\խmp-8P \\@\1\\%wsBr\)k\L\3\\y*{sB^\$ķS\}3\\;\=\8\nIo\FpQ\1Xj1\@\̈/\h:[\=\!ā\`\Z]B\O6C\хY8Bp\\r-VB\\'}v7Fd	p8Bf\r\3JB<o\\b\X#FBzip=C\"\ש\CFp\\(r E\sIYo0\'ė\\;ߐ,a!<\ZaN\fp\2ǉq\s/\r{x	\w\>\\Ի\SQ\r\@\̨\f\ L\/p\\\Ǵet,!ā{\S[bB4G-\p58B\CXl\\x<\[_\,n\Y<=%/\ \\Z3\!~\\XXc@c5\S\`晩[]s\\\\?S\\%Q\[\1BpZxCȮf-0Z\\\\५6&Bp\(p\s\𹶍\\BJ4\*>53ݴ-Bp\xL=3\\}m\\rI?n~VeQ\Z[B\Rr\ҁ}\|\㰨\ooɞڊ2|TFW\oY-\G~ke\\n\\o0>O?f\ǒ\\\1Zt\{Vmfi+\\S,N!P-{fPK\\י>۱\\f\cCNg\\c1\;\r9+-@@Nk!\\ų\0-nz0{{~LZ;BXXˡ%\qiq6{\x\\\\r\!āk3\T\\\9q\\F\Ψtl\n/n\\\"\\eB_e\\\K\\\\l\|\\\ \5\z\\r\8f[J\'_#Q!y\\Սc\!Q!\3۽Jg\\\\\VJ|\nZA.\ \\3=Wpv\\Y\UI\v\>\-{*tj\'T^,~|LW\\?\08Q2X\7]\n3,^\@F<\♩\BL35\@F}G\}\\|my|Ʒ\6\m\\@\l\\'BXuLr\Z\ky\\,\\hV\n+x]r!Aƛ!\+BX \ \k\}\\| #\3BX\;]J/\3Ìu\\╅^b\q`A\yYW<>\\"ϞՉ\Vab8\Brtf\q;\\\\y98\D-ƳK˞\\a^x\\{lcƸq \*\\y\/\[b\\J|\\\q\7\r\[f㡜\_\07Ël\ǒ\0\\\$\\\~7?2(\G\W/?yz\G\\K4\\\\R[nDB[#Ϋ?\fZ/נe&!\n7\Z(Ï2\\\\\\0\֠\@\\\_Ƌ!޲\spէ\\'\wji}^\J|\\rנeӁgZn/m\\ò\/Ep\wFnF<}>_\C<~n\]y\Y\@V<jǿl\ >\8\k!/l%ą\0\q b\r\1\\Z\0 ib[m\\c\\\\<p\YC\h.\\f٣x:1\a\"H7W\0!<\$\rf})\\^\n8\l/^F_1\\\Y9	\\e\0zDeiY3\x?\faƿϞc)\C\W\0Bx\\Rs:J\m2Z\\nB=k`-\#/\n\b\"12B\^z=c!\G]F\\eLߵ\\\(DN\n=C\Q\	p\\!K)}[YjmT\[\ue]u.	p~3!\q)ᥲ\na\s0e=^\\P[FE\Rxi\\\h\\>ңǥ)\T\y\i\p䨝	p̊\\>O\]^\S^\\0\\q\\RIX\y\^^\Zi\\]kLq\\B\\ZKl]vAu\e\\\V=	p\]8.\\\\\\[g\!{^F/}vB\rrPp侷%ĵﰽ\\p\\GJ\\߷\̊ǥ\3\%\wזp_ߝ\\\uYR\8ǥXKtVeɶ\V,qr\78I?n~VeQ\kY\YBB3C\~\髗\V\\V}\h^~ћj\"p}Q\Qe4	qUv\B~\ZX\^@ku\\r\\8ªk}\բҕ\\j=\\\\`9\oa{\\\\\G\\\t\QGl\\n0B֬\\@>\#z8Ͽ? \1g\!\._\\K=b8!\\f\-C-.\\0_f\%\\|G\\"\15\,U8\y\4\ra\\A	O8\\Κ\~vp\m\\Wi[\0\\Z!iy¢ů\۠\JUg8u\,<f\g\{\GcJ=3M\\q}Ξ\@8\lR;\>\o.q}ϏB\\NIh\\n\5\G\0;>%}q\qL\'Tf\\?{o\\>g\lծp`BS\\^\=\\qyQ|S\eh\T<\\\va\\h\MŞ~\J0BӈlI|8e\^3\\̛\n\KB\FX_b[-\\,\\7(\XϺmCu\B`K㷸K\{n*\\\C\\Bnaے%\\f\\)\<ʐ^\!\yp\f\[\\~{*@\!\14O\¹tI=i>?Z	9+$վ=ng\0#\1\@!\z\\w{2\Mthǰ<po٤B\<C\ss\Z8c\}\0\!\1,\,\\\\]R?34S\\(\aY<O\\\𛱌p	\\\'Og\2\\\f\:Ζuz\Go\*yQpɌ\n+\7SMB\\\n\gPߌe\^\2S\6\n\7jU8\l\\\\՟S[\\2\\\ne\T\\N<#^e7^\l\\\\\=\\gp8f\K\\þ5\AזTP+\\}c\\!\3\%{B$޿B2C\\\\\\jq\3֍B?F8:,6I\\F\\\'Hj=U`*4\ey8,\\y\\E|\Du\\\0q3y)792,=\.\\\0WCc\\v38s\\\\rB\\,\\<?k\\dֶ\0A{!Ė\$,XCkq-ь\\vt/ϼG<Yg\\}\'~\!ny\\\%\#\3\#\\\~\\\'g]\=\׼\!(H<\c~\\q2/8\}\\C\et?8N\Y\,05L\ =rɚet`\\8N_¼fS8WtSe֕`t8N\\GjƟ	g\G2xV@~6ǡ/n.\\\\>\wZ\ת\#\q\\S߈\'y\sp`8ӌo\\̳o\\y\G3\n\-K\2\#m±\\\\'G\	68\޳Ͼ\\\<4T#\خI?n~VeUƟٷ6\ogh+\W/?yz\GM\:x\\{5CeQ\Qe4	qUv\B~\г\\\\3\\\\j\G<_S\|sW(Ï2*\tl\\\nK\A\ZG7\9\(\޳dh?\g4Bl@8B[~=e\\Sg߮\"̆\*\r\֠_Ja@ʘ\\\Z!E\X\+\\\\\0B&o,Q8\\u7J\\"0>B\HC\\ci\޾\E6`8\\^)ms\\-\3~|N\\Ɂ\\rBo)_y\<|\\r\r\\!xf\W\b\6\nR\{y\B\-\# \rγ\\\%Rq\*S\Z|~每\8?J̉\tfr\љ\\\rp}\\qa@\\\*4\֌;řo\8\'\q\\ળ9\Ƕ\^&8^Ʌ\ӥs癳o!\q{팟{>\;\\o!q\\#3+\[w+֒B\\5\u\\zƝcέ\p\zq!\LP3\Y\\\\b\n{	o)\r\\+\#B[.ݠ>V=-8p]8\X\n{wϙrU\e-E\~\\n6Bo(ԬB8*d^ֶqЇ\\\6\>\\\X\z\rnQJ\\ߵ\\:\\x\\\gPRA\ZXawO\w\a\W/?yz\G\gp\?\Cmhǒ\\_\\݃2(\\2*~\\\j2r!Kˈ^a\\kп\o\:\\\C\\qXǻdbW[Qe\T\\x\\n\ڶ,??\j\5\\\k\"\\g\\rb\f)EH\x\,A^.\ށE7U8\0!\|\\\\\6i\n\\0I\\\r\LѦv)}q-M\\XT\Y#\\\[\[\Y!UA.W\\\A7\\!-A.Q*ft\\Yw\Y>P\\ Rڇj\PW\\:-?&fa\\r`+Bn\n\=AS+C\\C\UT\Z\ӱ[u\0\0/B\\\\so|TT@\V=ZQ}f\\0\869+\n\8ݬ\-q\B\i\MxhG\<es\0-\Jag\W\rtf\\0D+s\\0\B\0!\Û\V(\La-,\!S)\E~T֏\\\\\*_\χ^\nk@q\0\0E\00(B\0A\\0\0\0`PMB\x<\\w\Z(Ï2(Ï2(Ï2TFW\oY-\G~\G~\G~*\t\0\0E\00(B\0A\\0\0\0`P8\0\0\"\\0!\0q\0\0E\00(B\0A\\0\0\0`P8\0\0\"\\0!\0q\0\0E\00(B\0A\\0\0\0`P8\0\0\"\\0T<O\\\\?\\?\\?\$\U\\\f~VeQeQeQ\`9\0A\\0\0\0`P8\0\0\"\\\\{\\\/m#:%Ŀ\o>}\{\{~\\\\g\hڿUv\֢N5\\깵\\Nk\xF[}\z\Y}Ku\\~W\o\Wߖ\\˘\\m\\Qǁ\B<Ⱥhg\e:\\O/\\is\\rpZS\\\C\U#Y}ZJז\c\~V}j:\\Z\uyU\om߳\1o\qi\*}\/i\x:\'su<ʞ\E\\\\1\>)\q\\\\@?{p	4X\K\z\#\\р\\Elx{\\ծU\R\\ޱc\\oo֎s\\1\6a\*\{(U)B\\\\^-o\R#\{=\\[PY:{=\֬y:W\Y<U\T/+k\\ru:˖\p1\\H!tx}\E\V}Sx=:\=\m\\;\QN\ן\i\kF\nqmiU	\\/@\)BB\\\oա\(Pr\\\G}X7*3\\^\Z\{.@4\\\w̪w\\V\G_vꐪu.*m\\Q\ZHU\Wתl9Jv\r\\%۷>O۹%ϱm\U^\\f\9>QYeFbB|\]ZmṉK\B\\\\ԞV}x.\kߦ<k\Zt\{\T<\\\99n\Ԯ\c\\}Xry\u k9^X\Ŭ\eq +\=wv\\!\ϻ(\\t\\\97Fps\hI\V7VbK\Z\:&\\r\͍G\\\\FI\b-C\*/6\8\\2hyb\ck9pԖ\ֳ\\ͪC,wS\\m\ss\Y\"\\fku-z2\q\!;\;hB_\		k^\\\iߵ\\3}znN\S/BmVyV!>\8\\F#.@aK\\\\\\\B\xk}m}?vVx\7\9L\*/vV66gɩ\\#\	\%>U=\z\[\\P\eA\#w\\\ Bmgh\@jS[\r;QqB|I\\ \\\Z\\&\vGɅ\\!\\fk\2W\!>28\g^Kr!~\\sn1n5S\;zˍ7\Vy3Cq\\]|bm\\\C\ЪG\W9V1\rjG\g\\\:\x,\Z\J!n\#\\Zʋ*\;ϭ\{W\;9]|\\\~\\\h\_|\\\\\\i\Ĩ\?\Ӈ~h~&qό\\\\X\{l9\@*j#\d?JYu\\%wT\0\,7\:\U\R\1\cIP;\smU\\\\VyО-<=߬\\J\vN5\Z@p\\\k	equ\g}\\\i\\*.\i\~zX\\Kl9<W,\[\\qA{\\Q\G]?\ͺ{C\H\\k\+\cΫp\\*7v]lOX\\B{\\tlq\2\qUqǕ밴\X\Z>\wZ˴x<Kn`A^GQ_\\\\rQrt\\\\u\\\aO\\õi\rMx\8ksQ\\{fb-;\r\\ɩc\K\\r\\\GKs\h!̭.\1ĭz\q{[9\u\\rmZe\ZgOeH\oV$fm\!^R:iDy\\CpF\U^V}-BȪGli`&\\=Fp}Ze.јץ\X\^ǁ=\.!,׹=\Z\\\\z^V}SU\ocɍxGUn\\ǁ!l\\:gJ\\,\ZˋG\\5\M\\\\\'ďUv\^ǁ-AN?=\E\'\\\\\=\\!^\nkAL\\GX\ǎq	\sOa?#\.%5CKoA\[\t\Qk\R=\}~-mr$\\;2ŪC\\FR\CGֱJC\\L^\.\6\{\\\^sk@\l\;G\\rDRmfmwO\;ֶA\!sMe\\mͪG,מGR]j9\g!\;8ޓ3ީ?<7Vk\6J{\\\\r\rVb\vC\\\\Y7HV}b:g\f\\o\[\gx\\s\\u\\01\@=z{ܱ}\\=\\VbWq\\\\}s[!l\\\"\TtL\'\\\\v#\nV\km>}{F\\&w쫅\\[{\\\4ĵO\\Zmõ\K8Zu]%ĥ\\\!ğ\5\,r3\r\v(SĩC|\\òwU\\x\SPcV?\Ʀ\\c Zu])\s}ӟ\\\B?#\	\#\γ\B\\\Ŗ\\\-\\p\\֖ /\z\\?я~dng!ğ\J8\K\\\\\w99#z<S3\%wB?Y:U\ؕB<w-\Z\:ik%}Y\8!^\\j\`m`/\r\\Z\K]s[#v\y繱\֩v5w\\־f\-v\\\/Y۵AŪG\\.PqB|/OhdI@u){p\c\oQܪW\*!kOXۥqB%o@\rdx\E\_ \!A\u\*\E\InaN+\|\7ano!ğ\s\L%oCϭ\\\=\m\:NkkT\5Y\,)	ޖ!.:o(:޳\ҪOetΜd(\\ZB!>_\\r\.\\\v˝{(Zx%ȷ\\0\a\%\*\gR3B?\5ĥ4\?*\eKkk_X\\\rF\g\\}\\\\\\i\\\\-\An#ķg3B?\9\EU:lM\UqQ\VyK\nr\\\C|\yF?#\	\\\!\\{3B\\\Un\!\FQ\\x\\\l_S(e\\O?:ɏl+\`o\r-o\筨O?Ԭ\\?J\t\\q:\k\N\v\\+\q\tO[e\Bٵ\+k8㼲\\V[5	qu\v{gB-C\\\\gs?ς!\\qĬ7\'\\\B8|ᇛڪ$\{\->\_\W\\\Vxq[\U\OE\\sX(\ye-\`pڪ8\5PkI!n\#fm\emԾ\zkǚ\QtX\r$\Y.|/u|q0\\\Z\~~\nZi\\#\\UVE2\8*\nq\0\׿\W>\b\\\\'0\"B\0A\\0\0\0`P8\0\0\"\\0!\0q\0\0E\00(B\0A\\0\0\0`H_{\)O\0\0\0\0IENDB`');
/*!40000 ALTER TABLE `publicidad` ENABLE KEYS */;
UNLOCK TABLES;

--
-- Table structure for table `seleccion`
--

DROP TABLE IF EXISTS `seleccion`;
/*!40101 SET @saved_cs_client     = @@character_set_client */;
/*!50503 SET character_set_client = utf8mb4 */;
CREATE TABLE `seleccion` (
  `idSeleccion` int NOT NULL AUTO_INCREMENT,
  `disciplina` varchar(50) DEFAULT NULL,
  `nombre` varchar(50) DEFAULT NULL,
  PRIMARY KEY (`idSeleccion`),
  CONSTRAINT `seleccion_ibfk_1` FOREIGN KEY (`idSeleccion`) REFERENCES `equipo` (`idEquipo`)
) ENGINE=InnoDB AUTO_INCREMENT=100 DEFAULT CHARSET=utf8mb4 COLLATE=utf8mb4_0900_ai_ci;
/*!40101 SET character_set_client = @saved_cs_client */;

--
-- Dumping data for table `seleccion`
--

LOCK TABLES `seleccion` WRITE;
/*!40000 ALTER TABLE `seleccion` DISABLE KEYS */;
INSERT INTO `seleccion` VALUES (1,'Futbol','Uruguay'),(5,'HandBall','Argentina'),(8,'HandBall','Uruguay'),(11,'Hockey','España'),(15,'Basket','Uruguay'),(18,'Hockey','Brazil'),(19,'Voleibol','Brazil'),(20,'Futbol','China'),(21,'Futbol','Rusia'),(25,'Voleibol','China'),(29,'Futbol','Belgica'),(31,'Futbol','México');
/*!40000 ALTER TABLE `seleccion` ENABLE KEYS */;
UNLOCK TABLES;

--
-- Table structure for table `suscribe`
--

DROP TABLE IF EXISTS `suscribe`;
/*!40101 SET @saved_cs_client     = @@character_set_client */;
/*!50503 SET character_set_client = utf8mb4 */;
CREATE TABLE `suscribe` (
  `IdEvento` int NOT NULL AUTO_INCREMENT,
  `EmailSuscripto` varchar(30) NOT NULL,
  PRIMARY KEY (`IdEvento`,`EmailSuscripto`),
  KEY `EmailSuscripto` (`EmailSuscripto`),
  CONSTRAINT `suscribe_ibfk_2` FOREIGN KEY (`EmailSuscripto`) REFERENCES `usuario` (`Email`)
) ENGINE=InnoDB DEFAULT CHARSET=utf8mb4 COLLATE=utf8mb4_0900_ai_ci;
/*!40101 SET character_set_client = @saved_cs_client */;

--
-- Dumping data for table `suscribe`
--

LOCK TABLES `suscribe` WRITE;
/*!40000 ALTER TABLE `suscribe` DISABLE KEYS */;
/*!40000 ALTER TABLE `suscribe` ENABLE KEYS */;
UNLOCK TABLES;

--
-- Table structure for table `suscripcion`
--

DROP TABLE IF EXISTS `suscripcion`;
/*!40101 SET @saved_cs_client     = @@character_set_client */;
/*!50503 SET character_set_client = utf8mb4 */;
CREATE TABLE `suscripcion` (
  `IdSuscripcion` int NOT NULL AUTO_INCREMENT,
  `FechaInicio` date DEFAULT NULL,
  `FechaFin` date DEFAULT NULL,
  `NumeroTarjeta` varchar(30) DEFAULT NULL,
  `EmailSuscripto` varchar(50) DEFAULT NULL,
  PRIMARY KEY (`IdSuscripcion`),
  KEY `EmailSuscripto` (`EmailSuscripto`),
  KEY `NumeroTarjeta` (`NumeroTarjeta`),
  CONSTRAINT `suscripcion_ibfk_2` FOREIGN KEY (`EmailSuscripto`) REFERENCES `suscripto` (`EmailSuscripto`),
  CONSTRAINT `suscripcion_ibfk_3` FOREIGN KEY (`NumeroTarjeta`) REFERENCES `tarjetacredito` (`NumeroTarjeta`)
) ENGINE=InnoDB AUTO_INCREMENT=26 DEFAULT CHARSET=utf8mb4 COLLATE=utf8mb4_0900_ai_ci;
/*!40101 SET character_set_client = @saved_cs_client */;

--
-- Dumping data for table `suscripcion`
--

LOCK TABLES `suscripcion` WRITE;
/*!40000 ALTER TABLE `suscripcion` DISABLE KEYS */;
/*!40000 ALTER TABLE `suscripcion` ENABLE KEYS */;
UNLOCK TABLES;

--
-- Table structure for table `suscripto`
--

DROP TABLE IF EXISTS `suscripto`;
/*!40101 SET @saved_cs_client     = @@character_set_client */;
/*!50503 SET character_set_client = utf8mb4 */;
CREATE TABLE `suscripto` (
  `EmailSuscripto` varchar(30) NOT NULL,
  PRIMARY KEY (`EmailSuscripto`),
  CONSTRAINT `suscripto_ibfk_1` FOREIGN KEY (`EmailSuscripto`) REFERENCES `usuario` (`Email`)
) ENGINE=InnoDB DEFAULT CHARSET=utf8mb4 COLLATE=utf8mb4_0900_ai_ci;
/*!40101 SET character_set_client = @saved_cs_client */;

--
-- Dumping data for table `suscripto`
--

LOCK TABLES `suscripto` WRITE;
/*!40000 ALTER TABLE `suscripto` DISABLE KEYS */;
/*!40000 ALTER TABLE `suscripto` ENABLE KEYS */;
UNLOCK TABLES;

--
-- Table structure for table `tarjetacredito`
--

DROP TABLE IF EXISTS `tarjetacredito`;
/*!40101 SET @saved_cs_client     = @@character_set_client */;
/*!50503 SET character_set_client = utf8mb4 */;
CREATE TABLE `tarjetacredito` (
  `NumeroTarjeta` varchar(30) NOT NULL,
  `Vencimiento` varchar(50) DEFAULT NULL,
  `Tipo` varchar(20) DEFAULT NULL,
  `EmailSuscripto` varchar(50) DEFAULT NULL,
  PRIMARY KEY (`NumeroTarjeta`),
  KEY `EmailSuscripto` (`EmailSuscripto`),
  CONSTRAINT `tarjetacredito_ibfk_1` FOREIGN KEY (`EmailSuscripto`) REFERENCES `suscripto` (`EmailSuscripto`)
) ENGINE=InnoDB DEFAULT CHARSET=utf8mb4 COLLATE=utf8mb4_0900_ai_ci;
/*!40101 SET character_set_client = @saved_cs_client */;

--
-- Dumping data for table `tarjetacredito`
--

LOCK TABLES `tarjetacredito` WRITE;
/*!40000 ALTER TABLE `tarjetacredito` DISABLE KEYS */;
/*!40000 ALTER TABLE `tarjetacredito` ENABLE KEYS */;
UNLOCK TABLES;

--
-- Table structure for table `usuario`
--

DROP TABLE IF EXISTS `usuario`;
/*!40101 SET @saved_cs_client     = @@character_set_client */;
/*!50503 SET character_set_client = utf8mb4 */;
CREATE TABLE `usuario` (
  `Email` varchar(30) NOT NULL,
  `Nickname` varchar(20) DEFAULT NULL,
  `Contrasenia` varchar(15) DEFAULT NULL,
  `Tipo` enum('U-Suscrito','U-NoSuscrito','Admin') DEFAULT 'U-NoSuscrito',
  `fechaRegistro` date DEFAULT NULL,
  PRIMARY KEY (`Email`)
) ENGINE=InnoDB DEFAULT CHARSET=utf8mb4 COLLATE=utf8mb4_0900_ai_ci;
/*!40101 SET character_set_client = @saved_cs_client */;

--
-- Dumping data for table `usuario`
--

LOCK TABLES `usuario` WRITE;
/*!40000 ALTER TABLE `usuario` DISABLE KEYS */;
INSERT INTO `usuario` VALUES ('a@d.com','d','a','U-Suscrito','2022-05-22'),('a@e.com','e','a','U-NoSuscrito','2022-05-22'),('agustineves17@gmail.com','agus17','agus','U-NoSuscrito','2022-11-06'),('root@hotmail.com','root','root','Admin',NULL);
/*!40000 ALTER TABLE `usuario` ENABLE KEYS */;
UNLOCK TABLES;

--
-- Table structure for table `utiliza`
--

DROP TABLE IF EXISTS `utiliza`;
/*!40101 SET @saved_cs_client     = @@character_set_client */;
/*!50503 SET character_set_client = utf8mb4 */;
CREATE TABLE `utiliza` (
  `EmailSuscripto` varchar(30) NOT NULL,
  `NumeroTarjeta` varchar(30) NOT NULL,
  PRIMARY KEY (`EmailSuscripto`,`NumeroTarjeta`),
  KEY `NumeroTarjeta` (`NumeroTarjeta`),
  CONSTRAINT `utiliza_ibfk_1` FOREIGN KEY (`EmailSuscripto`) REFERENCES `usuario` (`Email`),
  CONSTRAINT `utiliza_ibfk_2` FOREIGN KEY (`NumeroTarjeta`) REFERENCES `tarjetacredito` (`NumeroTarjeta`)
) ENGINE=InnoDB DEFAULT CHARSET=utf8mb4 COLLATE=utf8mb4_0900_ai_ci;
/*!40101 SET character_set_client = @saved_cs_client */;

--
-- Dumping data for table `utiliza`
--

LOCK TABLES `utiliza` WRITE;
/*!40000 ALTER TABLE `utiliza` DISABLE KEYS */;
/*!40000 ALTER TABLE `utiliza` ENABLE KEYS */;
UNLOCK TABLES;

--
-- Table structure for table `visualiza`
--

DROP TABLE IF EXISTS `visualiza`;
/*!40101 SET @saved_cs_client     = @@character_set_client */;
/*!50503 SET character_set_client = utf8mb4 */;
CREATE TABLE `visualiza` (
  `EmailSuscripto` varchar(30) NOT NULL,
  `EmailNoSuscripto` varchar(30) NOT NULL,
  `IdEvento` int NOT NULL AUTO_INCREMENT,
  PRIMARY KEY (`EmailSuscripto`,`EmailNoSuscripto`,`IdEvento`),
  KEY `EmailNoSuscripto` (`EmailNoSuscripto`),
  KEY `IdEvento` (`IdEvento`),
  CONSTRAINT `visualiza_ibfk_1` FOREIGN KEY (`EmailSuscripto`) REFERENCES `usuario` (`Email`),
  CONSTRAINT `visualiza_ibfk_2` FOREIGN KEY (`EmailNoSuscripto`) REFERENCES `usuario` (`Email`)
) ENGINE=InnoDB DEFAULT CHARSET=utf8mb4 COLLATE=utf8mb4_0900_ai_ci;
/*!40101 SET character_set_client = @saved_cs_client */;

--
-- Dumping data for table `visualiza`
--

LOCK TABLES `visualiza` WRITE;
/*!40000 ALTER TABLE `visualiza` DISABLE KEYS */;
/*!40000 ALTER TABLE `visualiza` ENABLE KEYS */;
UNLOCK TABLES;
/*!40103 SET TIME_ZONE=@OLD_TIME_ZONE */;

/*!40101 SET SQL_MODE=@OLD_SQL_MODE */;
/*!40014 SET FOREIGN_KEY_CHECKS=@OLD_FOREIGN_KEY_CHECKS */;
/*!40014 SET UNIQUE_CHECKS=@OLD_UNIQUE_CHECKS */;
/*!40101 SET CHARACTER_SET_CLIENT=@OLD_CHARACTER_SET_CLIENT */;
/*!40101 SET CHARACTER_SET_RESULTS=@OLD_CHARACTER_SET_RESULTS */;
/*!40101 SET COLLATION_CONNECTION=@OLD_COLLATION_CONNECTION */;
/*!40111 SET SQL_NOTES=@OLD_SQL_NOTES */;

-- Dump completed on 2022-11-11  2:51:04
